white_id,white_rating,white_category,black_id,black_rating,black_category,elo_diff,winner,victory_status,turns,opening_name,moves
ranchowangdu,1500,C,justicebot,2723,,1223,white,outoftime,1,King's Pawn,e4
manisgigantea,1500,C,lance5500,2621,GM,1121,white,outoftime,99,Trompowsky Attack,d4 Nf6 Bg5 g6 e3 Bg7 c4 Ne4 Bf4 c5 Bxb8 Rxb8 Nf3 O-O Bd3 d5 Nc3 Bf5 Nxd5 e6 Nc3 Nxc3 bxc3 Qa5 Qc2 cxd4 Nxd4 Rfc8 Nb3 Qxc3+ Qxc3 Bxc3+ Ke2 Bxd3+ Kxd3 Bxa1 Rxa1 b6 a4 Rb7 Ra2 Rbc7 Rc2 Kf8 e4 Ke7 f4 f6 e5 fxe5 fxe5 Rd7+ Ke2 Rf8 Rc3 Rf5 Re3 Rc7 Re4 g5 Nd4 Rf4 Rxf4 gxf4 Kd3 a6 Ke4 Rxc4 Kd3 Rxa4 Kc3 b5 Nc6+ Kf7 Nd4 Rc4+ Kd3 h5 Nf3 a5 Nd2 Rb4 Kc3 Kg6 Nf3 Rc4+ Kd3 Kf5 Nh4+ Kxe5 Nf3+ Kd5 Nd2 Rd4+ Ke2 Rxd2+ Kxd2 Kd4 Kd1
toni90,1081,E,rps_1899,2126,CM,1045,white,resign,3,King's Knight Opening,e4 e5 Nf3
the_loving_boy,1608,B,lance5500,2621,GM,1013,white,outoftime,83,Sicilian Defense: Alapin Variation,e4 c5 c3 Nf6 e5 Nd5 Bc4 Nb6 Bb3 c4 Bc2 Nc6 Nf3 d6 exd6 e5 O-O Bxd6 d4 cxd3 Qxd3 Bc7 Bg5 Qxd3 Bxd3 Be6 Nbd2 f6 Be3 O-O-O h4 Rxd3 Rfd1 Rhd8 Kf1 h6 Ke1 g5 hxg5 hxg5 Nf1 Rxd1+ Rxd1 Rxd1+ Kxd1 Bxa2 Kc2 Bd5 Ne1 g4 Kd2 f5 g3 Nc4+ Kd3 Nxb2+ Kc2 Nc4 Bc5 b6 Bf8 Bd6 Bh6 b5 Nd3 e4 Nf4 Bf7 Bg5 N6e5 Ne3 Nxe3+ fxe3 Nf3 Bf6 Bxf4 exf4 Kd7 Kd1 Kc6 Bh8 Kd5 Kc2
lance5500,2621,GM,oguzkagangurer,1613,B,1008,black,resign,72,Russian Game: Modern Attack |  Murrey Variation,e4 e5 Nf3 Nf6 d4 Nxe4 Bd3 Nc6 d5 Nc5 dxc6 e4 cxd7+ Qxd7 Ne5 Qe6 Bb5+ c6 Nxc6 bxc6 Be2 Be7 O-O O-O Be3 Qg6 Kh1 Be6 Nc3 Rab8 Rb1 Rbd8 Qe1 f5 b4 Nd7 Bxa7 Ra8 Bd4 Bd6 f4 Ra3 Qd2 Be7 h3 Rd8 Qc1 Rda8 Rg1 Qg3 Qd2 Rd8 Qe1 Qxe1 Rgxe1 Nf8 Red1 Rxd4 Rxd4 Rxc3 b5 cxb5 Bxb5 Bxa2 Ra1 Be6 Ra7 Bc5 Rd8 Bxa7 Be2 Rxc2
ranchowangdu,1500,C,nobodyreally,2445,IM,945,white,resign,124,Sicilian Defense: Prins Variation,e4 c5 Nf3 d6 d4 cxd4 Nxd4 Nf6 f3 Nc6 c4 g6 Nc3 Nxd4 Qxd4 Bg7 Be3 O-O Qd2 Bd7 Be2 a6 Rc1 Qa5 O-O Rfe8 Rfd1 b5 c5 b4 Nd5 Nxd5 exd5 dxc5 Rxc5 Qxa2 Bd4 Bxd4+ Qxd4 Bf5 Bc4 b3 Qc3 Bc2 Re1 Qa4 Rc7 Rac8 d6 Rxc7 dxc7 e6 Bxb3 Bxb3 c8=Q Rxc8 Qxc8+ Kg7 Qc3+ Kg8 Re4 Qa1+ Kf2 Ba4 Rb4 Bb5 Rd4 Qf1+ Kg3 Be8 Rd8 Qb5 Qf6 Kf8 h4 h5 b4 Qc6 f4 Qa4 Kh2 Qb5 Rc8 Qd7 Ra8 Qc6 Qd8 Qb5 Rb8 Qc6 Rc8 Qb5 Rb8 Qc6 Rc8 Qb5 Kg3 Qa4 Rb8 Qc6 Kh2 Qa4 Qc8 Ke7 Qc5+ Kf6 Qe5+ Ke7 Rb7+ Bd7 Qc7 Qd1 Rb8 Qe1 Qd8+ Kd6 Rb6+ Kd5 Qxd7+ Ke4 Qc6+ Kd4 Qc5+ Ke4
aqwert,2277,NM,aynaz22,1371,D,906,black,outoftime,34,Pirc Defense #5,e4 d6 d4 g6 Qf3 Bh6 Bc4 e6 Bxh6 Nxh6 Ne2 d5 exd5 b5 Bxb5+ c6 dxc6 a6 c7+ Nd7 cxd8=Q+ Kxd8 Qxa8 axb5 Qa5+ Nb6 Qxb6+ Ke8 Qc6+ Bd7 Qc5 Ng4 a4 bxa4
lance5500,2621,GM,koryakinrus,1715,B,906,black,resign,30,Italian Game: Two Knights Defense |  Traxler Counterattack |  Bishop Sacrifice Line,e4 e5 Nf3 Nc6 Bc4 Nf6 Ng5 Bc5 Bxf7+ Ke7 Bb3 d6 O-O Bg4 Nf3 Nd4 d3 Nxf3+ gxf3 Bh3 f4 Qe8 Kh1 Ng4 fxe5 Qg6 Bg5+ Qxg5 f4 Bg2+
morteza0088996655,1500,C,yht,2352,FM,852,white,resign,33,Mieses Opening,d3 e6 Nc3 Bc5 Nf3 Nf6 d4 Bb4 Bd2 d5 a3 Ba5 e3 Bd7 Bd3 O-O h4 Bxc3 Bxc3 Ne8 Ng5 h6 Nh7 Nf6 Ng5 hxg5 hxg5 Ne4 Bxe4 dxe4 Qh5 f6 g6
dead23,1293,D,dsom1234,2123,CM,830,white,mate,89,Giuoco Piano,e4 e5 Nf3 Nc6 Bc4 Bc5 a3 a5 c3 Qe7 d4 exd4 cxd4 Qxe4+ Be3 d5 Nc3 Qg6 Bd3 Qxg2 Rg1 Qh3 Bf1 Qe6 dxc5 Nf6 Rxg7 h6 Qd2 Qf5 Rg3 Be6 Nd4 Qe5 f4 Qh5 f5 Bd7 Nxc6 Bxc6 Bd4 Qh4 O-O-O O-O-O Rh3 Qg5 Qxg5 hxg5 Bxf6 Rxh3 Bxd8 Rxc3+ bxc3 Kxd8 f6 Ke8 Re1+ Kd8 Re7 Be8 Bg2 d4 cxd4 b6 cxb6 cxb6 Kd2 b5 Kc3 g4 Bd5 b4+ axb4 a4 Bxf7 Bxf7 Rxf7 Ke8 Re7+ Kd8 Kb2 g3 hxg3 a3+ Kxa3 Kc8 f7 Kd8 f8=Q#
cowcowcuw123,2030,CM,lineafutura,1225,D,805,black,resign,26,Borg Defense,e4 g5 d4 h6 Nf3 d6 h3 Nf6 Nc3 c6 e5 dxe5 Nxe5 Nd5 Bc4 Nd7 Nxd5 cxd5 Bxd5 Qa5+ Bd2 Qxd5 Nxd7 Bxd7 Rg1 Qxd4
crazyscientist1,1015,E,bz,1818,A,803,white,mate,115,Sicilian Defense: Closed,e4 c5 Nc3 e6 f4 a6 a4 b6 Bc4 Bb7 d3 Nc6 Nf3 Qc7 O-O Nge7 Qe1 d6 Qg3 Ng6 h3 Be7 f5 exf5 exf5 Nge5 Qxg7 Rf8 Qxh7 Nxc4 dxc4 Nb4 Nd5 Bxd5 cxd5 Bf6 Bg5 Rh8 Rfe1+ Kd7 Qxf7+ Kc8 Qxc7+ Kxc7 Bxf6 Rhf8 Bg7 Rxf5 Re7+ Kd8 Rae1 Nxd5 Re8+ Kd7 Rxa8 Nb4 Ra7+ Kc6 c3 Nd3 Ree7 Nxb2 Rac7+ Kd5 Rf7 Rxf7 Rxf7 Nxa4 Rf5+ Kc4 Rf4+ Kb5 Nd2 d5 Rf5 Kc6 Rf6+ Kd7 Rf7+ Ke6 Ra7 a5 Nb3 Kf5 Nxa5 bxa5 Rxa5 d4 cxd4 Ke4 Rxa4 cxd4 Rxd4+ Kf5 Kf2 Kg6 Kf3 Kxg7 Kf4 Kg6 Rd5 Kh6 Rg5 Kh7 Kf5 Kh6 Kf6 Kh7 Rg6 Kh8 Kf7 Kh7 Re6 Kh8 Rh6#
morinerine,864,Novices,jeepitou,1651,B,787,white,resign,60,Russian Game: Damiano Variation,e4 e5 Nf3 Nf6 Nxe5 Nxe4 Qe2 d5 d3 Nc6 dxe4 dxe4 Qxe4 Bb4+ Bd2 Bxd2+ Nxd2 Nxe5 Qxe5+ Be6 Qb5+ Qd7 c4 O-O Qxd7 Bxd7 Rd1 Bg4 f3 Rfe8+ Ne4 f5 fxg4 Rxe4+ Be2 fxg4 h3 Rae8 Rd2 Rxc4 Kd1 g3 Bxc4+ Kh8 Rd3 Re4 Bf7 g6 h4 Kg7 Bd5 Re5 Kd2 Kf6 Rf1+ Ke7 Re1 Rxe1 Kxe1 Kd6
serial__chiller,1800,B,tillinator97,1023,E,777,black,outoftime,52,Philidor Defense #2,e4 e5 Nf3 d6 Nc3 Nf6 Bc4 Nxe4 Nxe4 d5 Bxd5 Qxd5 d3 Bf5 Ng3 e4 dxe4 Bxe4 Nxe4 Qxe4+ Be3 Be7 O-O O-O Re1 Rd8 Qxd8+ Bxd8 Bg5 f5 Rxe4 fxe4 Bxd8 exf3 Bxc7 Nc6 Rd1 a5 Kf1 b5 Rd5 b4 Rc5 Ra6 Rf5 a4 Bd6 g6 Rxf3 Nd4 Rf8+ Kg7
soultego,2108,CM,mamaduck,1334,D,774,black,outoftime,38,Italian Game: Two Knights Defense |  Open Variation,e4 e5 Nf3 Nc6 Bc4 Nf6 d4 d5 exd5 Nxd5 O-O Bd6 Nxe5 Bxe5 dxe5 Be6 f4 O-O f5 Ne3 Bxe3 Bxc4 Nd2 Nxe5 Qh5 Bxf1 Rxf1 Qf6 Ne4 Qc6 Ng5 h6 Nh3 Nc4 Bd4 Rad8 Qg4 Rfe8
first-time-1,2267,NM,woodcrusher75,1500,C,767,black,mate,166,French Defense: MacCutcheon Variation |  Exchange Variation,e4 e6 d4 d5 Nc3 Nf6 Bg5 Bb4 exd5 Qxd5 Bxf6 Bxc3+ bxc3 gxf6 Nf3 b6 Be2 Bb7 O-O Rg8 Qd3 f5 Rfe1 Nd7 c4 Qe4 Qc3 O-O-O a4 a5 g3 c5 Rad1 cxd4 Rxd4 Qc6 Red1 Qxa4 Rd6 Nc5 Rxd8+ Rxd8 Rxd8+ Kxd8 Qf6+ Kc7 Qxf7+ Nd7 Ng5 Qa1+ Bf1 Qf6 Qg8 Nc5 Nxh7 Qd4 Ng5 a4 Qf8 Bc6 c3 Qd7 Qh8 a3 Qe5+ Kc8 Qe2 Qa7 Nxe6 Nxe6 Qxe6+ Qd7 Qe1 Qe8 Qd2 Qe4 f3 Qxf3 Qh6 Kb7 c5 b5 Qe6 Qh1+ Kf2 Qxh2+ Ke3 Qxg3+ Kd2 Qf4+ Kc2 Qxf1 Qf7+ Ka6 Qg6 Qf3 Qf6 Qg2+ Kd3 a2 c4 bxc4+ Ke3 c3 Qxc3 Qf3+ Kd2 Qxc3+ Kxc3 Kb5 Kb2 Bd5 c6 Kxc6 Ka1 f4 Kb2 f3 Ka1 f2 Kb2 f1=N Ka1 Ne3 Kb2 Nc4+ Kxa2 Kc5 Ka1 Kd4 Kb1 Kc3 Ka1 Ne3 Kb1 Nc2 Kc1 Ba2 Kd1 Nd4 Ke1 Kd3 Kf1 Ke3 Kg2 Bd5+ Kg3 Bf3 Kh4 Kf4 Kh3 Nc2 Kh4 Ne3 Kh3 Bg4+ Kh2 Kf3 Kg1 Kg3 Kh1 Kf2 Kh2 Nf1+ Kh1 Bf3#
checkmate3141,1779,B,crazyscientist1,1015,E,764,black,resign,70,Slav Defense: Exchange Variation,d4 d5 c4 c6 cxd5 cxd5 Nc3 Nf6 Nf3 Nc6 Bf4 e6 e3 Nh5 Bg3 Nxg3 hxg3 Bd6 a3 f6 Be2 e5 dxe5 Bxe5 Nxd5 Bxb2 Rb1 Bxa3 Qb3 Be7 O-O Be6 Nc7+ Qxc7 Qxe6 Rb8 Rfc1 Qd6 Qxd6 Bxd6 Bb5 Kd7 Nd4 Ba3 Rc3 Bd6 Nxc6 bxc6 Bxc6+ Ke6 Rcb3 Rxb3 Rxb3 Rb8 Rxb8 Bxb8 Kf1 a5 Ke2 Kd6 Ba4 Kc5 Bc2 h6 Kd3 Kb4 Kd4 a4 Bd1 a3
zilic1,1500,C,chessninja6,2263,NM,763,white,resign,57,English Opening: Symmetrical Variation |  Fianchetto Variation,c4 c5 Nc3 Nc6 g3 d6 Bg2 g6 Nf3 Bg7 O-O e6 e3 Nge7 d4 cxd4 exd4 O-O d5 Ne5 Qe2 exd5 cxd5 Bf5 Nxe5 dxe5 Rd1 Nc8 d6 Qd7 Be3 Be6 Rac1 f5 Nd5 Kh8 Nc7 Rb8 Nxe6 Qxe6 d7 Nb6 Rc7 f4 Bxf4 Rbd8 Rxb7 Qf6 Be3 Qe6 Qa6 e4 Rxa7 Rb8 Rb7 Rxb7 Qxb7
chessninja6,2263,NM,zilic1,1500,C,763,black,resign,146,Pirc Defense: Austrian Attack |  Ljubojevic Variation,e4 d6 d4 Nf6 Nc3 g6 f4 Bg7 Bc4 O-O Nf3 c5 d5 Na6 O-O Bg4 h3 Bxf3 Qxf3 Nc7 g4 Nd7 a4 a6 a5 Rb8 Ra3 b5 axb6 Rxb6 Rb3 Rxb3 Bxb3 Nb5 Nxb5 axb5 c4 Qb6 Qd3 Rb8 cxb5 Qxb5 Qxb5 Rxb5 Ba4 Rb7 Bc6 Ra7 b3 Nb8 Bb5 Na6 Bd2 Nb4 Bxb4 cxb4 Rc1 Bc3 Ba4 h6 Kf2 g5 f5 Kg7 Ke3 Kf6 Rc2 Ra8 Kd3 h5 Rh2 Rh8 h4 hxg4 hxg5+ Kxg5 Rxh8 Bxh8 Ke3 Be5 Be8 f6 Bb5 Kh4 Kf2 Kg5 Ke3 Bf4+ Kf2 Bd2 Bd3 Kf4 Bb1 Bc3 Bc2 Bd4+ Kg2 g3 Bd3 Ke3 Bc4 Be5 Kf1 Kxe4 Kg2 Kxf5 Kf3 Kg5 Bd3 f5 Bc2 f4 Be4 Kf6 Kg4 e6 Kf3 exd5 Bxd5 Kg5 Kg2 Bd4 Be4 Kf6 Kf3 Ke5 Bc6 d5 Kg2 Be3 Kf3 Kd4 Ba8 Kc5 Kg2 Kd4 Kf3 Ke5 Kg2 Ke4 Bc6 Bf2 Bb7 f3+ Kf1 Bc5
zilic1,1500,C,chessninja6,2263,NM,763,white,resign,79,Zukertort Opening: Sicilian Invitation,Nf3 c5 c4 g6 Nc3 Bg7 e3 Nc6 d4 cxd4 exd4 d6 Be2 e6 O-O Nge7 d5 Ne5 Nd4 Nf5 Nxf5 exf5 Be3 O-O Bd4 a6 h3 f4 f3 h5 Re1 Bf5 Bf1 Rc8 b3 g5 Ne4 g4 fxg4 hxg4 Bxe5 dxe5 hxg4 Bg6 Bd3 f5 gxf5 Bxf5 Qh5 Qe8 Qxe8 Rcxe8 Rad1 Bg4 Rd2 Bh6 Rf2 Re7 d6 Rg7 c5 Bd7 Bc4+ Kh8 Bd5 Bf5 Rf3 Bg4 Rd3 f3 g3 Bh5 Kf2 Rc8 b4 a5 Rh1 Rg5 Nxg5
tacticalwizard1,1876,A,lance5500,2621,GM,745,white,resign,97,King's Indian Defense: Normal Variation,d4 Nf6 c4 g6 Nc3 Bg7 e4 O-O Bd3 c5 d5 e6 Nge2 exd5 exd5 d6 Bg5 h6 Bh4 g5 Bg3 Nh5 O-O Nd7 Rc1 Ne5 Bxe5 Bxe5 Ng3 Ng7 Qc2 f5 Rfe1 h5 Nce2 h4 Nf1 g4 Nc3 Bd7 Re2 a6 a4 Qf6 Nd1 f4 Rd2 f3 g3 hxg3 fxg3 Rae8 Nf2 Bd4 Kh1 Re5 Ne4 Qe7 Nf2 Rf6 Rdd1 Rh6 Qd2 Qf6 Ne4 Qe7 Qxh6 Rxe4 Bxe4 Qxe4 Re1 Qd3 Qd2 Qxd2 Nxd2 Bxa4 b3 Be8 Re4 Bh5 b4 Kf7 Nb3 Nf5 Rf4 Kg6 bxc5 dxc5 Re1 Kg5 Nxd4 Nxd4 d6 Nc6 d7 Bg6 Re8
maks31,1430,C,cuerosky,2173,CM,743,white,resign,3,King's Knight Opening,e4 e5 Nf3
stopmirinbrah,1791,B,sparklehorse,2516,GM,725,white,resign,52,Sicilian Defense,e4 c5 Nf3 d6 Bc4 Nf6 Nc3 Nc6 O-O Bg4 d3 Nd4 Be3 Nxf3+ gxf3 Bh5 d4 cxd4 Qxd4 a6 f4 e6 f3 Be7 f5 exf5 exf5 O-O Rad1 Rc8 Bb3 Qa5 Qd3 g6 fxg6 hxg6 Ne2 d5 Ng3 Bc5 Kh1 Bxe3 Qxe3 Qc5 Qg5 Rc6 Rxd5 Nxd5 Bxd5 Rd8 Qxd8+ Kh7
redevening,1372,D,eightpromotions,2093,CM,721,white,resign,75,English Opening: Caro-Kann Defensive System,c4 c6 Nc3 d5 cxd5 cxd5 d4 Nf6 Nf3 h6 g3 Nc6 Bg2 Bf5 O-O Qc8 a3 Bh3 b4 Bxg2 Kxg2 a6 a4 Nxb4 Qb3 e6 a5 Qc4 Qa4+ Qc6 Qb3 Ne4 Nxe4 dxe4 Ne5 Qd5 Qa4+ Nc6 Nxc6 Qxc6 Bf4 Qxa4 Rxa4 g5 Be5 Rh7 e3 Bg7 Bxg7 Rxg7 f3 exf3+ Rxf3 f5 e4 Rf7 exf5 exf5 d5 Rd8 Rd4 Kd7 Rb3 Kd6 Rb6+ Ke5 Rd1 Rd6 Re1+ Kd4 Rd1+ Kc5 Rc1+ Kd4 Rxd6
chessmageddon,2217,NM,manisgigantea,1500,C,717,black,resign,28,Italian Game: Two Knights Defense |  Modern Bishop's Opening,e4 e5 Nf3 Nc6 Bc4 Nf6 d3 Be7 O-O Na5 Nxe5 Nxc4 Nxc4 Kf8 Nc3 Bc5 e5 Ne8 d4 Be7 f4 d5 Ne3 c6 f5 f6 e6 b5
nigelnaomi,1787,B,absyntheminded,1074,E,713,black,resign,20,Slav Defense #3,d4 d5 c4 c6 Nc3 dxc4 e3 b5 a4 b4 Na2 e6 Nxb4 Bxb4+ Bd2 Bxd2+ Qxd2 Ba6 Nf3 Nf6
toni4127,1923,A,chessandgrace,1211,D,712,black,resign,74,Queen's Gambit Declined: Semi-Tarrasch |  5.cxd5,d4 d5 c4 e6 Nc3 Nf6 Nf3 c5 cxd5 exd5 Bf4 Nc6 e3 Bd6 Bg3 h6 dxc5 Bxc5 a3 a5 Be2 b6 O-O Ba6 Re1 Bxe2 Rxe2 Qe7 Nxd5 Nxd5 Qxd5 Rc8 Rd1 O-O Red2 Rfd8 Qh5 Rxd2 Rxd2 Rd8 Rd5 Rxd5 Qxd5 Nd8 Bh4 g5 Bg3 Ne6 h4 f6 hxg5 hxg5 Nd2 Kg7 Ne4 Nc7 Bxc7 Qxc7 Nxc5 bxc5 Qc4 Qb6 Qc3 Qb5 g3 c4 Kg2 a4 f4 Qb3 Qxb3 axb3 fxg5 c3
chesscoach,2209,NM,apicots,1500,C,709,black,resign,62,Ruy Lopez: Berlin Defense #2,e4 e5 Nf3 Nc6 Bb5 Nf6 Qe2 Bc5 c3 O-O O-O d6 Rd1 Re8 d4 exd4 cxd4 Rxe4 Qc2 Nxd4 Nxd4 Rxd4 Rxd4 Bxd4 Bg5 h6 Bh4 g5 Bg3 Nh5 Bc4 d5 Bd3 Nxg3 hxg3 Qf6 Nc3 c6 Rf1 Bd7 Ne2 Bb6 Nc3 Qd6 Kh2 Re8 Bf5 Bxf5 Qxf5 Qe6 Qh3 Kg7 g4 d4 Na4 Qc4 b3 Qxf1 Qf3 Bc7+ g3 Re2
hus1972,1102,E,gmsohum,1810,A,708,white,resign,59,Van't Kruijs Opening,e3 e5 Be2 d5 Nf3 Nc6 O-O Nf6 d3 Bd6 Nc3 a6 Bd2 O-O d4 e4 Ne1 Ne7 Nxd5 Bxh2+ Kxh2 Qxd5 Rh1 Qg5 Kg1 Ng4 c4 Ng6 Bc3 Nh4 Qd2 Re8 Bd1 Re6 g3 Nf5 d5 Rg6 Ng2 Rh6 Rxh6 Ngxh6 Qc2 Qe7 Nf4 g6 d6 Qxd6 Nd5 Ng7 Nf6+ Kh8 Ne8 Qd8 Bxg7+ Kg8 Bxh6 Qxe8 Qc3
dragonslayer04,1355,D,johnrunner,2052,CM,697,white,resign,37,French Defense: Queen's Knight,e4 e6 Nc3 d5 exd5 exd5 d4 Bb4 Bd3 Nc6 Nf3 Nf6 O-O O-O Bg5 h6 Bxf6 Qxf6 Nxd5 Qd6 Ne3 Qd8 c3 Bd6 Re1 b6 Be4 Bb7 Nd2 Qh4 g3 Qd8 Qf3 Qd7 Nf5 Rab8 Qg4
fedai,2443,IM,basakcesur,1747,B,696,black,outoftime,40,Ruy Lopez: Morphy Defense,e4 e5 Nf3 Nc6 Bb5 a6 Ba4 Nf6 O-O b5 Bb3 Bc5 c3 d6 d4 exd4 cxd4 Ba7 a4 O-O h3 Bb7 Na3 bxa4 Bc2 Re8 Bg5 h6 Bh4 g5 Bg3 Nh5 Bh2 Nf6 e5 dxe5 dxe5 Qxd1 Raxd1 Nh5
gamingprof,1508,C,usuarioconnombre,2203,NM,695,white,mate,41,Slav Defense: Exchange Variation |  Symmetrical Line,d4 d5 c4 c6 Nf3 Nf6 cxd5 cxd5 Nc3 Nc6 Bf4 Bf5 e3 Qb6 Bd3 Qxb2 O-O Bg4 Nb5 Kd7 Rb1 Qxa2 Nc3 Qa5 Rxb7+ Kd8 Bc7+ Qxc7 Rxc7 Kxc7 Qa4 Bxf3 Bb5 Nd8 Qa5+ Kc8 Rc1 a6 Nxd5+ Kb8 Qc7#
theanimal1990,1916,A,hus1972,1222,D,694,black,resign,41,Scotch Game: Scotch Gambit |  Advance Variation,e4 e5 Nf3 Nc6 d4 exd4 Bc4 Nf6 e5 d5 Bb5 Ne4 Nxd4 Bd7 Bxc6 bxc6 O-O Bc5 Be3 Qe7 f3 Nd6 exd6 Qxe3+ Kh1 Qxd4 Re1+ Kd8 dxc7+ Kxc7 Qxd4 Bxd4 c3 Rhe8 Nd2 Bf2 Rxe8 Rxe8 Nb3 Re2 Nc5
lance5500,2619,GM,gmbeast,1927,A,692,black,resign,64,Queen's Gambit Declined: Westphalian Variation,d4 Nf6 c4 e6 Nf3 d5 Nc3 Bb4 Bg5 Nbd7 e3 c5 cxd5 exd5 Bb5 Qa5 O-O Bxc3 Bxd7+ Nxd7 bxc3 O-O Qc2 Re8 Bf4 Nf6 Ne5 Be6 Rfb1 Rac8 Rxb7 cxd4 exd4 Ne4 Rb3 Nxc3 Qd2 f6 Nd3 Bg4 f3 Ne2+ Kf2 Qxd2 Bxd2 Nxd4 Rb4 Re2+ Kg3 Rxd2 Rxd4 Bf5 Rxd5 Bxd3 Re1 Rcc2 Rd7 Rxg2+ Kf4 g5+ Ke3 Bf5 Rxa7 Rc8
lance5500,2619,GM,gmbeast,1927,A,692,black,resign,64,Queen's Gambit Declined: Westphalian Variation,d4 Nf6 c4 e6 Nf3 d5 Nc3 Bb4 Bg5 Nbd7 e3 c5 cxd5 exd5 Bb5 Qa5 O-O Bxc3 Bxd7+ Nxd7 bxc3 O-O Qc2 Re8 Bf4 Nf6 Ne5 Be6 Rfb1 Rac8 Rxb7 cxd4 exd4 Ne4 Rb3 Nxc3 Qd2 f6 Nd3 Bg4 f3 Ne2+ Kf2 Qxd2 Bxd2 Nxd4 Rb4 Re2+ Kg3 Rxd2 Rxd4 Bf5 Rxd5 Bxd3 Re1 Rcc2 Rd7 Rxg2+ Kf4 g5+ Ke3 Bf5 Rxa7 Rc8
elcortez,1265,D,roman12342005,1957,A,692,white,resign,31,Nimzowitsch Defense: Scandinavian Variation |  Advance Variation,e4 d5 e5 Nc6 d4 f6 f4 e6 Bb5 a6 Bxc6+ bxc6 Nf3 c5 exf6 Nxf6 dxc5 Bxc5 Nd4 O-O O-O Ne4 c3 Qd6 b4 Ba7 Nd2 c5 Nxe4 cxd4 Nxd6
samuelpro,856,Novices,wpao,1541,C,685,white,mate,57,Mieses Opening,d3 d5 e4 e5 c4 dxc4 dxc4 Bb4+ Bd2 Bxd2+ Nxd2 Qd4 Ndf3 Qxb2 a4 Bg4 Nxe5 Bxd1 Rxd1 Qxe5 Bd3 Qc3+ Kf1 Nc6 Be2 Nd4 Rxd4 Qxd4 Nf3 Qa1+ Ne1 O-O-O g3 Nf6 Kg2 Nxe4 f3 Nd2 Nd3 Qxa4 Nc5 Qxc4 Bxc4 Nxc4 Ne4 f5 Nc5 Rd2+ Kh3 g5 Ra1 h5 Rxa7 g4+ Kh4 Ne5 Ra8#
zugaddict,2035,CM,theanonymousone,1352,D,683,black,resign,48,Sicilian Defense: Old Sicilian,e4 c5 Nf3 Nc6 b4 e6 b5 Nd4 Bb2 Nxb5 Bxb5 Qb6 Nc3 a6 a4 axb5 axb5 Rxa1 Qxa1 Nf6 Qa8 Qd8 b6 Bd6 Nb5 Nxe4 d3 O-O dxe4 Qxb6 c4 Bf4 O-O d5 Qa1 dxc4 Bxg7 f6 Bxf8 Kxf8 Qxf6+ Ke8 Qxf4 Qxb5 Rd1 Qb3 Qf6 Qxd1+
lzchips,2231,NM,solidchess_hehe,1562,C,669,black,mate,74,Ponziani Opening: Jaenisch Counterattack,e4 e5 Nf3 Nc6 c3 Nf6 d4 exd4 e5 Nd5 cxd4 d6 Bc4 dxe5 dxe5 Bb4+ Bd2 Be6 O-O h6 Bb5 a6 Bxc6+ bxc6 Qc2 Qd7 Nd4 Bxd2 Nxd2 c5 Nxe6 fxe6 Qxc5 Rd8 Nf3 Ne7 Qc2 O-O Rfd1 Nd5 h3 Rf7 Rac1 Rdf8 Qc6 Qxc6 Rxc6 Nf4 Nd4 Rd8 Rcc1 Rfd7 Rc4 Ne2+ Nxe2 Rxd1+ Kh2 R1d2 Nf4 Rxf2 Kg3 Rdd2 Rxc7 Rxb2 a4 Rfd2 Nxe6 Rxg2+ Kh4 Rb4+ Kh5 g6+ Kxh6 Rh4#
leondiney,1682,B,crazyscientist1,1015,E,667,black,mate,60,Semi-Slav Defense,d4 d5 Nf3 Nf6 c4 c6 Nc3 e6 Bg5 Be7 e3 h6 Bxf6 Bxf6 cxd5 exd5 Bd3 Nd7 O-O O-O Qc2 Qc7 Rac1 b6 Qb1 c5 Nxd5 Qd6 Nxf6+ Qxf6 dxc5 Nxc5 Bh7+ Kh8 Bd3 Bg4 Nd2 Rfd8 Ne4 Nxe4 Bxe4 Rac8 Rc2 Rxc2 Qxc2 Qe6 Qc7 Rc8 Qf4 Rc4 Qb8+ Rc8 Qb7 Qxa2 Rb1 Qc4 Bd5 Qc1+ Rxc1 Rxc1#
chippy,1253,D,fr33man12,1917,A,664,white,resign,99,Van Geet Opening: Dunst-Perrenet Gambit,e4 d5 d3 dxe4 Nc3 exd3 Bxd3 Nf6 Nf3 Nc6 O-O Bg4 b3 e6 Bb2 Bd6 Ne4 Nxe4 Bxe4 O-O Qd2 Qe8 Ng5 Rd8 Bxh7+ Kh8 Bxg7+ Kxg7 Qc3+ f6 h3 Be5 Qc4 Bxa1 Nxe6+ Kxh7 Qe4+ Kg8 Qxg4+ Kf7 Nxd8+ Qxd8 Rxa1 Qd4 Qh5+ Ke7 Re1+ Ne5 Qh7+ Rf7 Qh6 Kd7 Qh5 Kc6 Rxe5 fxe5 Qxf7 Qd1+ Kh2 Qxc2 g4 e4 g5 e3 Qe6+ Kb5 Qxe3 Qg6 f4 Kb4 Qxa7 Qc6 f5 Qc2+ Kg3 Qxf5 Qxb7+ Ka3 Qxc7 Qxg5+ Kf3 Qh5+ Kg2 Qe2+ Kg3 Qe1+ Kg4 Qg1+ Qg3 Qd4+ Qf4 Qg7+ Kf3 Qc3+ Qe3 Qf6+ Ke2 Qb6 Qxb6
ana92,1139,E,icecreamdealer,1801,A,662,white,resign,31,Four Knights Game: Italian Variation,e4 e5 Nf3 Nc6 Bc4 Nf6 Nc3 Bc5 h3 O-O O-O h6 a3 a6 d3 d6 Be3 Be6 Bxe6 fxe6 Bxc5 dxc5 Ne2 Nd4 Nxe5 Qd6 Ng6 Rf7 e5 Nxe2+ Qxe2
martinlutherking,1450,C,crazyscientist1,789,Novices,661,black,resign,120,Sicilian Defense: McDonnell Attack,e4 c5 f4 d6 g4 Nf6 g5 Nxe4 d3 Qa5+ c3 Nxg5 fxg5 Nc6 Bg2 Bd7 Nd2 e6 Nc4 Qc7 Bf4 b5 Nd2 Qd8 Qe2 Be7 O-O-O Bxg5 Qg4 Bxf4 Qxg7 Bxd2+ Rxd2 Rf8 Nh3 d5 Rf1 Qe7 Rdf2 f6 Qh6 f5 Ng5 Qf6 Qh5+ Qg6 Qxg6+ hxg6 Nh7 Rh8 Nf6+ Ke7 Nxd7 Kxd7 h3 Ne5 Kd2 b4 d4 bxc3+ bxc3 cxd4 cxd4 Nc6 Ke3 Rab8 Rd2 Rb7 Rfd1 Rhb8 Kf4 Rb2 Rxb2 Rxb2 Bf3 Rxa2 Kg5 Ne7 Kf6 Rf2 Rd3 Ra2 Bd1 a5 Bb3 Ra3 Bc2 Rxd3 Bxd3 a4 Bb5+ Kd6 Bxa4 f4 Bc2 f3 Bd3 f2 Be2 Nf5 Kxg6 Ng3 Bd3 f1=Q Bxf1 Nxf1 h4 Ng3 Kg5 Ne4+ Kf4 Nf6 Kg5 Ke7 h5 Kf7 h6 Nh7+ Kh5 Kf6
sesh,1678,B,poetrunner,1017,E,661,black,resign,17,Philidor Defense #3,e4 e5 Nf3 d6 Bc4 Bg4 h3 Bxf3 Qxf3 Qf6 Qb3 Qf4 Qxb7 Nf6 Qxa8 Qxe4+ Be2
yht,2159,CM,masterbigsuff,1500,C,659,black,outoftime,2,Scandinavian Defense,e4 d5
dsom1234,1500,C,rin-chan,2154,CM,654,white,mate,35,Yusupov-Rubinstein System,d4 Nf6 Nf3 e6 e3 c5 Be2 Nc6 O-O Qc7 c4 cxd4 exd4 d5 Nc3 dxc4 Bxc4 a6 d5 Nb4 dxe6 Qxc4 exf7+ Qxf7 Ng5 Qc7 Re1+ Be7 Qb3 Rf8 Qxb4 Bf5 Bf4 Qc6 Qxe7#
kazamaza,1285,D,alvin_cruz,1936,A,651,white,outoftime,73,King's Indian Defense: Normal Variation |  Rare Defenses,d4 Nf6 c4 g6 Nc3 Bg7 e4 d6 Nf3 O-O h3 e5 Nd5 Nxe4 Bd3 Nf6 Bg5 c6 Nxf6+ Bxf6 Bh6 Bg7 Bxg7 Kxg7 dxe5 dxe5 Nxe5 Qa5+ Kf1 Qxe5 Qc2 Na6 Re1 Qf6 a3 Nc5 Be2 Bf5 Qd1 Rad8 Qc1 Bd3 Qe3 Bxe2+ Rxe2 b6 h4 Rd3 Qg5 Rd1+ Re1 Rxe1+ Kxe1 Nd3+ Kd2 Qxg5+ hxg5 Nxf2 Rh4 Rd8+ Ke3 Nd1+ Ke2 Nxb2 g3 c5 Re4 Na4 g4 Nc3+ Ke3 Nxe4 Kxe4
ajps17,1907,A,chees29,1264,D,643,black,outoftime,70,Mikenas Defense,d4 Nc6 e3 e5 c4 exd4 exd4 d5 c5 b6 Bb5 Bd7 Qa4 bxc5 Bxc6 Nf6 Bxd7+ Nxd7 dxc5 c6 Qxc6 Bxc5 Ne2 O-O O-O Rc8 Qxd5 Nf6 Qxd8 Rcxd8 Nbc3 Bd6 Be3 Ng4 Bxa7 Bxh2+ Kh1 Rd2 f3 Ne3 Bxe3 Rxb2 Kxh2 Re8 Bd4 Re6 Nf4 Rh6+ Kg1 g5 Nd3 f6 Nxb2 Kg7 Rae1 Kg6 Re7 f5 Rfe1 g4 Kf2 gxf3 R7e6+ Kg5 Be3+ f4 Bd2 Rh2 Kxf3 Kh4
mccheese,859,Novices,orleibuiatti,1500,C,641,white,resign,31,King's Pawn Game: Damiano Defense,e4 e5 Nf3 f6 Bc4 Ne7 Nc3 g6 d3 Bh6 Bxh6 Ng8 Be3 Ne7 g4 b6 Qe2 Ba6 Bxa6 Nxa6 a3 Nc5 b4 Ne6 h4 Nc6 g5 fxg5 hxg5 Rf8 Rxh7
binthaily,1913,A,mrsneef,1275,D,638,black,resign,42,Mikenas Defense,d4 Nc6 Bf4 Nf6 d5 Nb4 Nc3 e6 d6 Bxd6 Bxd6 cxd6 Qxd6 Nxc2+ Kd1 Nxa1 e4 Ng4 Nh3 Qf6 f4 Ne3+ Kc1 Nac2 a3 Nd4 e5 Qf5 Kd2 Qc2+ Kxe3 Nf5+ Kf3 Nxd6 exd6 Qxb2 Nb5 Qb3+ Kf2 O-O Be2 a6
miriammarques,1432,C,zazz4,2069,CM,637,white,outoftime,125,Italian Game: Classical Variation |  Giuoco Pianissimo,e4 e5 Nf3 Nc6 Bc4 Bc5 c3 Nf6 d3 h6 a3 d6 b4 Bb6 Nbd2 Bg4 h3 Bh5 a4 a5 bxa5 Bxa5 Qc2 d5 exd5 Nxd5 Bxd5 Qxd5 O-O O-O-O Bb2 Qxd3 Qxd3 Rxd3 Rfe1 Bxc3 Bxc3 Rxc3 Nxe5 Nd4 Re4 Rd8 Nf1 Nc2 Ra2 g5 Ng3 Rd1+ Kh2 Bg6 Nxg6 fxg6 Re6 Rd6 Rxd6 cxd6 a5 Rc6 f3 Nd4 Ne4 Kd7 Nf6+ Ke6 Ng4 h5 Nf2 Ra6 Ne4 Kf5 Ng3+ Kf4 Nf1 Nc6 Ra4+ Ke5 Re4+ Kf6 Ra4 Rxa5 Re4 b5 Re8 b4 Nd2 Nd4 Rd8 Ke7 Rg8 Kf7 Rd8 Ke7 Rg8 b3 Rg7+ Kf6 Rd7 Ke6 Rg7 Kf5 Rf7+ Ke6 Rg7 b2 Rxg6+ Kd5 Rxg5+ Kc6 Rxa5 Nb3 Ra2 Nxd2 Rxb2 Nc4 Rc2 d5 f4 Kd6 Kg3 Ne3 Rc3 Nf5+ Kf2 Nd4 Ke3
nuffsaidm8,1680,B,pawnsy,1048,E,632,black,mate,18,Nimzo-Indian Defense #2,d4 e6 c4 Nf6 Nc3 Ng4 f3 f5 fxg4 fxg4 Bd2 Bd6 e4 O-O Qxg4 Qf6 e5 Qxf1#
keeperpine,1484,C,raesremmurd,2113,CM,629,white,resign,1,King's Pawn,e4
blokh1n,1218,D,asa123,1841,A,623,white,resign,43,Scotch Game: Classical Variation,e4 e5 Nf3 Nc6 d4 exd4 Nxd4 Bc5 c3 Nf6 Be3 Bxd4 cxd4 Nxe4 d5 Ne5 Qd4 O-O Qxe5 Re8 Qd4 d6 f3 Qh4+ g3 Nxg3 hxg3 Qxh1 Qh4 Qxf3 Qf4 Rxe3+ Kd2 Qxg3 Qxe3 Bd7 Qxg3 Re8 Nc3 Re5 Re1 Rf5 Bh3
ranchowangdu,1500,C,sheepnl,2122,CM,622,white,resign,53,English Opening: Agincourt Defense,c4 e6 Nc3 Bb4 Qc2 Nf6 a3 Bxc3 bxc3 d5 cxd5 exd5 Rb1 O-O g3 c5 Bg2 Nc6 d3 b6 Bg5 h6 Bxf6 Qxf6 Bxd5 Bf5 Nf3 Rad8 c4 Bg4 Qd1 Bxf3 Bxf3 Nd4 Bd5 Rfe8 e3 Rxd5 cxd5 Nf3+ Ke2 Nd4+ Ke1 Nf3+ Ke2 Nd4+ Ke1 Nf3+ Kf1 Ng5 Kg2 Qf5 h4
adriahikmal,1141,E,trouty1997,1762,B,621,white,resign,37,King's Gambit Accepted |  Bishop's Gambit,e4 e5 f4 exf4 Bc4 Qh4+ Kf1 Bc5 d4 Bb6 Nc3 c5 Nf3 Qh5 Nd5 d6 Bxf4 Be6 Nxb6 axb6 d5 Bg4 Bxd6 Qg6 Qd3 Qxd6 e5 Qd7 Bb5 Nc6 dxc6 Qxd3+ cxd3 bxc6 Bxc6+ Bd7 Bxa8
chingisl,1610,B,greenmachine,989,Novices,621,black,resign,2,Englund Gambit,d4 e5
greenmachine,989,Novices,chingisl,1610,B,621,white,resign,3,Scandinavian Defense,e4 d5 Qh5
jfthechessmaster,2119,CM,gmanderson,1500,C,619,black,resign,138,Ruy Lopez: Berlin Defense |  Rosenthal Variation,e4 e5 Nf3 Nc6 Bb5 Nf6 O-O Nxe4 d4 a6 Bxc6 dxc6 Re1 Nf6 Nbd2 Be7 dxe5 Nd5 Ne4 O-O Qe2 Bf5 c4 Nb6 b3 a5 Ng3 Bg6 Bb2 Qd3 Qxd3 Bxd3 e6 fxe6 Nh5 Bb4 Re3 Bxc4 a3 Bc5 Rc3 e5 bxc4 e4 Nxg7 exf3 Ne6 Na4 Rb3 Rf7 Bd4 Bxd4 Nxd4 fxg2 Rxb7 Nc5 Rb2 Rf6 Rab1 Kf7 Rb8 Rxb8 Rxb8 Nd3 Rb3 Nf4 c5 Ke8 Rg3 h5 h4 a4 Re3+ Kd7 Re4 Nd3 Re3 Nxc5 Ne2 Nb3 Kxg2 c5 Re5 Nd4 Ng3 Kc6 Nxh5 Rh6 Ng3 Rxh4 Ne4 c4 Nc3 Nc2 Re6+ Kc5 Nxa4+ Kd5 Ra6 Kd4 Rc6 Rh7 Rg6 Kd3 Rg4 Ne1+ Kg1 Nf3+ Kg2 Ne5 Nc5+ Kc3 Na4+ Kb3 Nc5+ Kxa3 Re4 Rh5 Re3+ Kb2 Kg3 Kc2 Ne4 Nd3 Re2+ Kb3 Nd2+ Kc3 Nxc4 Kxc4 Rc2+ Kd4 Rxc7 Rg5+ Kf3 Rf5+ Kg4 Rxf2
gmanderson,1500,C,jfthechessmaster,2119,CM,619,white,resign,127,Russian Game: Classical Attack,e4 e5 Nf3 Nf6 Nxe5 d6 Nf3 Nxe4 d4 d5 Bd3 Bf5 O-O Be7 Re1 Nc6 Nbd2 Nxd2 Qxd2 Bxd3 Qxd3 O-O c3 h6 Bf4 Bd6 Bxd6 Qxd6 Re3 Rfe8 Rae1 Rxe3 Qxe3 b5 Nh4 Qd7 h3 Rb8 g4 b4 Nf5 a5 cxb4 Rxb4 Qc3 Kh7 Qc5 Rb8 Rc1 Nb4 Qxc7 Qxc7 Rxc7 Kg6 a4 Nd3 Ne7+ Kf6 Nxd5+ Kg6 Rc6+ Kg5 Rc3 Nxb2 Rc5 Nxa4 Rxa5 Nb2 Ne3+ Kf6 Ra6+ Ke7 Kg2 g6 Kf3 Nd3 Ra3 Nc1 Nc4 Ke6 Ra5 Rb3+ Ke4 Nd3 d5+ Kf6 Ra2 Nb4 Rb2 Rxb2 Nxb2 Ke7 Nd3 Nc2 Ne5 Ne1 d6+ Kxd6 Nxf7+ Ke6 Nxh6 Kf6 f4 g5 fxg5+ Kxg5 Nf7+ Kh4 g5 Kh5 Kf5 Ng2 Ne5 Ne3+ Ke4 Nf1 Kf4 Nd2 g6 Kh6 h4 Nb3 Kf5 Kg7 Nf3 Na1 h5
krishchennai93,1808,A,sud3457,1191,E,617,black,mate,144,Scandinavian Defense,e4 d5 d3 dxe4 d4 e5 d5 c6 Nc3 Ne7 dxc6 Qxd1+ Nxd1 Nexc6 Bb5 a6 Bxc6+ bxc6 Ne2 Bc5 Nec3 O-O Nxe4 Bb4+ Ndc3 f5 Nd6 Rd8 Nxf5 Bxf5 O-O Bxc2 Re1 Rd1 Nxd1 Bxe1 Kf1 Bb4 Ne3 Bd3+ Kg1 Nd7 a3 Bc5 b4 Bd4 Ra2 Nf6 Rd2 Be4 Nc4 Rf8 Bb2 Ng4 Bxd4 exd4 f3 Ne3 Rf2 Nxc4 fxe4 Rxf2 Kxf2 d3 Ke1 Nxa3 e5 Kf7 Kd2 Ke6 Kxd3 Kxe5 Kc3 Nb5+ Kc4 Nd6+ Kc5 Ne4+ Kxc6 Nc3 Kb6 Na2 Ka5 g5 Ka4 Kf4 Ka3 Nxb4 Kxb4 Ke3 Kc5 a5 Kb5 Kf2 g3 Kg2 h4 g4 Kxa5 Kxg3 h5 Kh4 h6 g3 Kb4 g2 Kc3 g1=Q Kd2 Qg5+ Ke1 Qxh6 Kf1 Qa6+ Kg1 Kh3 Kf2 h6 Kf3 h5 Kf4 Qf6+ Ke3 Kg2 Ke2 h4 Ke3 h3 Ke4 h2 Ke3 h1=Q Ke2 Qhf1+ Kd2 Qd6+ Kc2 Qfd1+ Kb2 Q6d4+ Ka2 Q4a4+ Kb2 Qdc2#
piley159,1344,D,gagomanuk71,1961,A,617,white,resign,61,Scotch Game,e4 e5 Nf3 Nc6 d4 exd4 Nxd4 Nxd4 Qxd4 d6 Nc3 Nf6 Bf4 Be7 Bc4 Be6 O-O O-O Bxe6 fxe6 Qc4 Qd7 g3 Kh8 Rad1 h6 e5 d5 exf6 Bxf6 Rfe1 Rad8 Qxc7 Qe8 Nxd5 Bxb2 Qxb7 Ba3 Qxa7 Bb2 Qb6 Ba3 Qxe6 Qh5 Qc6 Rf5 Nc3 Rxd1 Rxd1 Rc5 Qe4 Rc8 Rd7 Re8 Qd3 Re1+ Kg2 Bf8 Be3 Qf5 Qxf5
ranchowangdu,1500,C,sanpenko,2117,CM,617,white,resign,51,English Opening: Great Snake Variation,c4 g6 Nc3 Bg7 g3 d6 Bg2 e5 d3 c6 e3 Ne7 Nge2 O-O O-O f5 Rb1 a5 a3 Nd7 b4 g5 f4 Ng6 b5 c5 Nd5 Ra7 b6 Ra6 Qb3 g4 Nec3 e4 dxe4 Bxc3 Qxc3 Nxb6 Bb2 Rf7 Nf6+ Kf8 exf5 Bxf5 e4 Na4 Qc2 Nxb2 exf5 Nh8 Nxg4
chiefjab,1493,C,soultego,2108,CM,615,white,resign,29,Nimzowitsch Defense: Lean Variation,e4 Nc6 Nf3 f5 d3 fxe4 dxe4 Nf6 e5 Ng8 Bc4 e6 O-O Be7 Nc3 b6 Bd2 Bb7 Qe2 d5 exd6 Bxd6 Bxe6 Nge7 Bg5 h6 Bh4 g5 Bg3
srinikhil963,1506,C,carabistouille11,2117,CM,611,white,mate,127,Pirc Defense #3,e4 d6 d4 Nf6 Nc3 g6 e5 dxe5 dxe5 Qxd1+ Nxd1 Ng4 Bf4 e6 h3 Nh6 Nc3 c6 O-O-O Be7 Bxh6 g5 Nf3 Nd7 Bxg5 Bxg5+ Nxg5 Nxe5 Be2 h6 Nge4 f5 Nd6+ Ke7 Bh5 b5 Rhe1 Kf6 Rxe5 Kxe5 Nf7+ Kf6 Nxh8 e5 Rd8 Bb7 Rxa8 Bxa8 h4 a5 Nf7 e4 Nd6 b4 Ne2 Ke5 Nf7+ Kf6 Nxh6 c5 Nf7 Bd5 Nd6 a4 b3 axb3 axb3 Ke5 Nc4+ Kf6 Nf4 Bg8 Be2 Bh7 h5 Kg5 g3 Bg8 Ne5 Kf6 Nd7+ Ke7 Nxc5 Kd6 Nxe4+ fxe4 h6 Ke5 Kd2 Kd4 Bc4 Bh7 Bf7 e3+ fxe3+ Ke4 Bg6+ Bxg6 Nxg6 Kf3 h7 Kxg3 h8=Q Kf3 Qe8 Kg4 Ne5+ Kf5 Nf3 Kg4 Qf7 Kg3 Qf4+ Kg2 Nh4+ Kh3 Ng6 Kg2 Qg4+ Kf2 Nf4 Kf1 Qh4 Kg1 Qg4+ Kf1 Qg2#
sveenemand,1091,E,anotol,1701,B,610,white,resign,2,Van't Kruijs Opening,e3 e6
sveenemand,1091,E,anotol,1701,B,610,white,resign,2,Van't Kruijs Opening,e3 e6
trabizontsi,2001,CM,iranmat89,1395,D,606,black,outoftime,78,Czech Defense,e4 c6 d4 d6 Nc3 Nf6 Nf3 Bg4 Bg5 Nfd7 Be2 f6 Bh4 g5 Bg3 Bh5 Nd2 Bg6 Bh5 Bg7 f4 gxf4 Bxf4 Nf8 O-O Nbd7 e5 fxe5 dxe5 Nxe5 Bxe5 Bxe5 Qf3 Qb6+ Kh1 O-O-O Bg4+ Kb8 Nc4 Qc5 Nxe5 dxe5 Qe2 Nd7 Rae1 Rhf8 Bxd7 Rxf1+ Rxf1 Rxd7 Rf8+ Kc7 h3 e4 Nxe4 Qe5 Nc3 Qxe2 Nxe2 Rd2 Nf4 Be4 Ne6+ Kb6 Nf4 Rxc2 Re8 Rf2 Rf8 Rxb2 Kh2 Kc7 Ne6+ Kd6 Nf4 Kd7 Rb8 e5
nescau12,2009,CM,ytdvvc,1404,C,605,black,resign,54,Ruy Lopez: Berlin Defense #2,e4 e5 Nf3 Nc6 Bb5 Nf6 d3 a6 Bxc6 dxc6 Nxe5 Bd6 Bf4 Qe7 g3 Bxe5 Bxe5 Qxe5 f4 Qxb2 Nd2 Bg4 Qb1 Qxb1+ Rxb1 b5 c4 bxc4 Nxc4 O-O Ne5 c5 Rc1 Rab8 O-O Bh3 Rfe1 Rb2 Rxc5 Rxa2 Rxc7 Rg2+ Kh1 Rf2 Rec1 h5 Rg1 Ng4 Nxg4 hxg4 Ra7 Rb8 Rxa6 Rbb2
diekausland,1172,E,cesium,1774,B,602,white,resign,19,Queen's Gambit Declined: Tarrasch Defense |  Pseudo-Tarrasch Bishop Attack,d4 d5 Nf3 c5 c4 e6 cxd5 exd5 Bg5 Nf6 Nc3 Be6 e3 c4 Bxf6 Be7 Bxg7 Bf6 Bxh8
thefrenchtactics,1365,D,vevo57,1966,A,601,white,resign,43,Scotch Game: Benima Defense,e4 e5 Bc4 Nc6 Nf3 Be7 d4 exd4 O-O d6 Re1 Nf6 e5 dxe5 Nxe5 Nxe5 Rxe5 O-O Bg5 Qd6 Qe2 Re8 Nd2 Bg4 Nf3 Bxf3 gxf3 h6 Bxf6 Bxf6 Rxe8+ Rxe8 Qxe8+ Kh7 Bd3+ g6 Qxf7+ Kh8 Re1 Be5 Bxg6 Bxh2+ Kh1
andry69,1788,B,hus1972,1187,E,601,black,resign,50,King's Gambit Accepted |  Muzio Gambit |  Sarratt Defense,e4 e5 f4 exf4 Nf3 g5 Bc4 g4 O-O gxf3 Qxf3 Qf6 e5 Qxe5 d3 Bh6 Nc3 Ne7 Bxf4 Qxf4 Qh5 Qg5 Qxf7+ Kd8 Rae1 Nbc6 Ne4 Qg6 Qf3 d5 Rd1 Bg4 Qf6 Qxf6 Nxf6 Bxd1 Bb3 Be2 Re1 Nd4 Ba4 Be3+ Kh1 Rf8 Nxh7 Rf7 c3 Nef5 cxd4 Ng3+
jul-ana,1213,D,gespinosaj,1813,A,600,white,mate,97,Horwitz Defense,d4 e6 Nf3 d5 Bg5 f6 Bh4 g5 Bg3 Nc6 e3 Bd6 Bb5 a6 Ba4 Ne7 Nc3 b5 Bb3 O-O O-O Bb7 e4 f5 Bxd6 Qxd6 exd5 Nxd5 Nxg5 Qe7 Nxd5 Qxg5 Nxc7 Nxd4 f3 Qe3+ Kh1 Rad8 Re1 Qh6 Qc1 Qxc1 Raxc1 Kf7 Bxe6+ Nxe6 Nxe6 Rd2 Nxf8 Kxf8 Red1 Re2 Rd8+ Ke7 Rcd1 Bc6 R8d2 Rxd2 Rxd2 Ke6 Re2+ Kd5 Rd2+ Kc4 Kg1 a5 Rd6 Bd5 Ra6 a4 b3+ axb3 cxb3+ Kc3 Ra5 Kb4 Ra7 Kc3 Kf2 Kb2 Ke3 Bc6 Kd4 Be8 Kc5 Bg6 Kxb5 h5 Rg7 Be8+ Kc4 Kxa2 b4 Ka3 b5 Ka4 Ra7#
guru200773,1750,B,tanishgup,1155,E,595,black,resign,30,French Defense: King's Indian Attack,e4 e6 d3 d5 Nf3 dxe4 dxe4 Qxd1+ Kxd1 Nc6 Nc3 Bd7 Bd3 Nf6 Bf4 O-O-O Ke2 Bb4 Nb5 a6 Nxc7 Nh5 Be3 Kxc7 c3 Bd6 a4 Nf4+ Bxf4 Bxf4
dj822,1418,C,tops123,2003,CM,585,white,resign,31,Caro-Kann Defense: Panov Attack,e4 c6 d4 d5 exd5 cxd5 c4 Nf6 Nc3 e6 cxd5 exd5 Bg5 Bb4 Qb3 Nc6 Nf3 O-O Be2 Be6 O-O Be7 Qxb7 Rc8 Ba6 Rc7 Qb3 Qd7 Bb5 Rb8 Bxc6
tops123,2003,CM,dj822,1418,C,585,black,resign,44,Vienna Game: Max Lange Defense,e4 e5 Nc3 Nc6 Bc4 Bc5 d3 d6 Nge2 Nge7 O-O O-O Kh1 Kh8 f4 f6 Qe1 Qe8 Qh4 Qg6 Rf3 exf4 Nxf4 Qg5 Qxg5 fxg5 Ne6 Rxf3 gxf3 Bxe6 Bxe6 Nd4 Bxg5 Nec6 Rc1 Nxf3 h4 Nxg5 hxg5 Re8 Bd5 Re5 Rg1 Bxg1
adictochesser,1963,A,rohanms,1380,D,583,black,resign,22,Owen Defense,e4 b6 Nf3 Bb7 Nc3 Na6 Bc4 e6 O-O Nc5 Re1 Nf6 d4 Na6 Qe2 Nb8 Bg5 h6 Bh4 g5 g3 gxh4
hambiadi,2139,CM,hungcuong,1557,C,582,black,outoftime,82,Four Knights Game: Italian Variation,e4 e5 Nf3 Nc6 Nc3 Nf6 Bc4 Bc5 h3 d6 a3 Be6 Nd5 Bxd5 exd5 Nd4 c3 Nxf3+ Qxf3 O-O d3 Nd7 O-O Qf6 Qg3 Qg6 Qf3 f6 Be3 Nb6 Ba2 Qxd3 Rad1 Qb5 Bxc5 Qxc5 b4 Qb5 Qg4 Qe8 c4 Qg6 Qxg6 hxg6 c5 Nd7 c6 Nb6 Bb3 Kf7 Rc1 bxc6 dxc6+ Ke7 a4 a5 b5 d5 Rfd1 Rad8 f3 g5 Kf2 Rd6 g4 Rfd8 Ke3 Rh8 Rh1 Rdd8 Rcd1 Ke6 Rh2 Rd6 Rd3 g6 Rd1 f5 gxf5+ gxf5 Rg1 f4+
ranchowangdu,1500,C,diovinn,2080,CM,580,white,resign,75,Gruenfeld Defense: Exchange Variation |  Spassky Variation,c4 Nf6 Nc3 d5 cxd5 Nxd5 e4 Nxc3 bxc3 g6 d4 Bg7 Bc4 O-O Ne2 c5 O-O Nc6 Be3 b6 Rb1 Na5 Bd3 Bb7 dxc5 bxc5 Bxc5 Qc7 Bd4 Rfd8 Qc2 Rac8 Rb2 e5 Bxa7 Bxe4 Bb6 Bxd3 Bxc7 Bxc2 Bxd8 Rxd8 Rxc2 Nc4 a4 Nd2 Ra1 Nb3 Rb1 e4 g3 Na5 c4 Rc8 c5 Kf8 Rb5 Nc6 a5 Bd4 a6 e3 fxe3 Bxe3+ Kg2 Re8 Rb6 Nd4 Nxd4 Bxd4 a7 Be5 c6 Bc7 Rb7
lance5500,2493,IM,saitama_opm,1914,A,579,black,resign,54,Blumenfeld Countergambit Accepted,d4 Nf6 c4 e6 Nf3 c5 d5 b5 dxe6 fxe6 cxb5 d5 g3 a6 bxa6 Bd6 Bg2 O-O O-O Nc6 Nc3 Bxa6 Bg5 h6 Bxf6 Qxf6 Nxd5 exd5 Qxd5+ Kh8 Qxc6 Bxe2 Rad1 Ra6 Qb7 Rxa2 Qd5 Bxd1 Rxd1 Qxb2 Rf1 Rf6 h4 Qe2 h5 Bxg3 Qxc5 Rxf3 Qc8+ Kh7 Qc6 Bxf2+ Kh1 Rf4
khemar,1941,A,ivkaoss,1362,D,579,black,resign,52,Horwitz Defense,d4 e6 Nf3 h6 e3 a6 c4 g5 Bd3 Bg7 h3 d6 Nbd2 Nd7 b3 e5 dxe5 Nxe5 Nxe5 Bxe5 Rb1 Nf6 Qc2 b6 Nf3 Bb7 Nxe5 dxe5 O-O g4 hxg4 Nxg4 Bb2 h5 Bf5 Qf6 f4 Nxe3 Qd3 Nxf5 Bxe5 Qg6 Qd2 Rg8 Rbe1 Bxg2 Bg7+ Ne7 Rxe7+ Kxe7 Re1+ Be4+
dhernandez101,1401,C,parrotz,1979,A,578,white,resign,20,Sicilian Defense: Closed Variation |  Traditional,e4 c5 Nc3 Nc6 Nf3 d6 Bb5 Bd7 d3 a6 Bc4 e6 O-O b5 Bb3 Nf6 Bg5 Be7 Qe2 O-O
sanskar99,1547,C,mimirilinguis,971,Novices,576,black,resign,72,French Defense: King's Indian Attack,e4 e6 d3 d5 exd5 exd5 Qe2+ Qe7 Qxe7+ Bxe7 Nc3 c6 Nf3 f6 Be2 Bg4 Nd4 Bxe2 Ndxe2 Bb4 Bd2 Bxc3 Bxc3 Nh6 O-O-O Nd7 h3 O-O g4 g5 Rdg1 Nf7 h4 h6 hxg5 hxg5 Rh2 b5 Rgh1 Kg7 Rh7+ Kg6 R7h2 Rh8 Rxh8 Rxh8 Rxh8 Nxh8 f3 c5 Ng3 d4 Bd2 b4 b3 a5 Nf5 Ne5 Nd6 Nxf3 Nc4 f5 gxf5+ Kxf5 Nxa5 g4 Kd1 g3 Ke2 Kg4 Nc4 g2
cormorankr,2211,NM,vibraz,1637,B,574,black,resign,68,Indian Game: Reversed Chigorin Defense,d4 Nf6 Nc3 c5 d5 d6 Bg5 h6 Bxf6 gxf6 e4 Bd7 Bd3 a6 a4 e6 f4 h5 Nf3 Bh6 g3 e5 f5 Ke7 Nh4 Qb6 b3 Qb4 O-O Qxc3 Rb1 Qd4+ Kh1 b5 axb5 axb5 Qe2 Qe3 Qxh5 Na6 Ra1 c4 bxc4 bxc4 Bxc4 Qxe4+ Rf3 Qxc4 Rfa3 Qxd5+ Ng2 Bc6 Qe2 Nb4 h4 Bd2 Kh2 Nxc2 Ra7+ Rxa7 Rxa7+ Bb7 Rxb7+ Qxb7 Qxd2 Nd4 Ne3 Nf3+
gemes,1238,D,great-mate-super-gre,1811,A,573,white,mate,53,Sicilian Defense #2,e4 c5 Nf3 d6 d4 cxd4 Nxd4 e5 Nf3 Nf6 Nc3 Nc6 Bb5 a6 Bxc6+ bxc6 Bd2 Be6 Qe2 Be7 h4 O-O O-O-O Qc7 Ng5 Bd7 a4 a5 Nf3 h6 h5 d5 exd5 cxd5 Nxe5 Bc6 Nxc6 Qxc6 Qxe7 d4 Nb5 Qxg2 Nxd4 Qxf2 Be3 Qg3 Rdg1 Qb8 Qxf6 g6 Nf5 Kh7 Qg7#
gemes,1238,D,great-mate-super-gre,1811,A,573,white,mate,53,Sicilian Defense #2,e4 c5 Nf3 d6 d4 cxd4 Nxd4 e5 Nf3 Nf6 Nc3 Nc6 Bb5 a6 Bxc6+ bxc6 Bd2 Be6 Qe2 Be7 h4 O-O O-O-O Qc7 Ng5 Bd7 a4 a5 Nf3 h6 h5 d5 exd5 cxd5 Nxe5 Bc6 Nxc6 Qxc6 Qxe7 d4 Nb5 Qxg2 Nxd4 Qxf2 Be3 Qg3 Rdg1 Qb8 Qxf6 g6 Nf5 Kh7 Qg7#
eie24,2072,CM,e-shaposhnikov,1500,C,572,black,resign,78,Sicilian Defense: Kan Variation |  Knight Variation,e4 c5 Nf3 e6 d4 cxd4 Nxd4 a6 Nc3 Qc7 Bd3 Nf6 f3 b5 Be3 Bb7 Qd2 Nc6 O-O-O Rc8 g4 Nxd4 Bxd4 e5 Be3 Bb4 a3 Bxc3 Qxc3 Qxc3 bxc3 Rxc3 Kb2 Rc8 g5 Nh5 Bf1 Nf4 h4 Ke7 Bh3 Nxh3 Rxh3 d6 Rh2 Rc6 Rhd2 Bc8 f4 f6 gxf6+ gxf6 Rg1 Rf8 fxe5 dxe5 Rg7+ Rf7 Rdg2 h5 Bh6 Bg4 Rd2 Rxg7 Bxg7 Kf7 Bh6 Bf3 Rd7+ Kg6 Bf8 Bxe4 Rg7+ Kf5 Be7 Rxc2+ Kb3 Rc6
zazz4,2069,CM,baleful,1500,C,569,black,resign,50,Ruy Lopez: Nuernberg Variation,e4 e5 Nf3 Nc6 Bb5 f6 d4 exd4 Nxd4 Nxd4 Qxd4 c6 Bc4 b6 O-O Bc5 Qc3 Ne7 Qb3 Rf8 Rd1 Qc7 g3 Bb7 Bf4 d6 a4 O-O-O a5 g5 axb6 axb6 Be6+ Kb8 Qa4 b5 Bxd6 Rxd6 Rxd6 Qxd6 Qa2 Rd8 Bg4 Qd4 b4 Bb6 c3 Qxe4 Nd2 Qxg4
gqueen,2068,CM,afgalin,1500,C,568,black,resign,96,Queen's Gambit Declined,d4 d5 c4 e6 Nf3 c6 a3 dxc4 Nc3 b5 Bf4 Bb7 e3 a5 Be2 Nf6 O-O Be7 Rc1 Nd5 Nxd5 exd5 Re1 O-O Qc2 Bc8 h3 Be6 Ne5 Nd7 Nxc6 Qe8 Nxe7+ Qxe7 Bf3 Nb6 b3 Rfc8 bxc4 Nxc4 Qd3 Qxa3 Qxa3 Nxa3 Rxc8+ Rxc8 Ra1 b4 Bd6 Rc6 Bc5 f6 Be7 Kf7 Bd8 a4 Ba5 Nc2 Rc1 b3 Bd2 b2 Rb1 a3 Kh2 a2 Rxb2 a1=Q Rb7+ Ke8 Be2 Bd7 Bb5 Rd6 Be2 Qa8 Rb2 Na3 f3 Nc4 Bxc4 dxc4 Rb1 Rc6 e4 c3 Be3 c2 Rf1 Qa3 Bc1 Qd3 Rg1 Qxd4 Bf4 Qd1
terrapin,2063,CM,galaxychess,1500,C,563,black,resign,62,Ruy Lopez: Berlin Defense #2,e4 e5 Nf3 Nc6 Bb5 Nf6 Qe2 Bc5 O-O O-O c3 Re8 d3 a6 Ba4 b5 Bb3 d6 h3 a5 a4 b4 Nbd2 Rb8 Rd1 Ba6 Bc4 Bxc4 Nxc4 h6 Ne3 Bxe3 Bxe3 Qd7 c4 Qe6 b3 Ne7 Nh2 Nd7 d4 exd4 Bxd4 Nf5 Bb2 Nc5 f3 Nxb3 Rab1 Nc5 Ra1 Ne7 Qc2 f5 exf5 Qxf5 Qxf5 Nxf5 Kf2 Ne3 Re1 Nd3+
nikokg82,1500,C,vanitasmarilyn,2060,CM,560,white,outoftime,53,French Defense #2,e4 e6 Bc4 Qh4 Na3 Qxe4+ Ne2 Qxg2 Rg1 Qxh2 d4 Nf6 Nb5 Ne4 Rf1 c6 Bf4 cxb5 Bxh2 bxc4 Nc3 Nxc3 bxc3 d5 Qb1 Nd7 Bc7 Be7 Qb5 O-O Rh1 Nf6 O-O-O Ne4 Qb2 Nxf2 Rh2 Nxd1 Kxd1 Bd8 Bxd8 Rxd8 Ke2 b6 Qc1 Bd7 Qh1 h6 Qg2 Ba4 Rxh6 Kf8 Rh8+
kupres,1880,A,piley159,1320,D,560,black,resign,70,Scandinavian Defense: Mieses-Kotroc Variation,e4 d5 exd5 Qxd5 Nc3 Qe5+ Be2 Nf6 Nf3 Qd6 O-O Nc6 g3 Bf5 d3 a6 Bf4 Qb4 Qc1 Qb6 Be3 Qb4 a3 Qd6 Nh4 Bh3 Re1 Nd4 Ne4 Nxe2+ Rxe2 Nxe4 dxe4 e5 Rd2 Qc6 f3 Be7 Ng2 Be6 Qe1 O-O Rad1 f5 exf5 Rxf5 Qe2 Bc4 Qf2 Rxf3 Qe1 Rf1+ Qxf1 Bxf1 Kxf1 Qb5+ Kg1 Qxb2 a4 Qa2 Ne1 Qxa4 Nf3 Qe4 Rd7 Qxe3+ Kg2 Qe2+ Kg1 Bc5+
warhacker,1354,D,saitama_opm,1914,A,560,white,resign,86,Van't Kruijs Opening,e3 e5 Bd3 Nf6 Nf3 d5 Nxe5 Nc6 Nf3 g6 b3 Bg7 Bb2 Nb4 Bb5+ Bd7 Nd4 Bxb5 Nxb5 Qd7 Qe2 Nxc2+ Kf1 Nxa1 Bxa1 O-O d4 a6 f4 axb5 Nc3 Ne4 Nxb5 Rxa2 Qxa2 Qxb5+ Qe2 Nd2+ Ke1 Qxe2+ Kxe2 Nxb3 Bc3 Ra8 Rb1 Ra2+ Kd1 Ra3 Bb4 Ra2 Rxb3 Rxg2 Ra3 Rxh2 Ra8+ Bf8 Bxf8 Rh1+ Kd2 Rh2+ Kd3 h5 Bd6+ Kg7 Bxc7 h4 f5 gxf5 Bxh2 h3 Rb8 Kg6 Rxb7 Kg5 Rxf7 Kh4 Rxf5 Kg4 Rxd5 Kf3 Rf5+ Kg2 Bf4 h2 Bxh2 Kxh2
caramelo1948,1500,C,vanitasmarilyn,2060,CM,560,white,resign,43,French Defense: Knight Variation,e4 e6 Nf3 d5 exd5 exd5 d4 Bd6 Nc3 c6 Be2 Nf6 Bg5 O-O O-O Bf5 Bd3 Bg6 Bxg6 hxg6 Ne5 Nbd7 Nxd7 Qxd7 Bxf6 gxf6 Ne2 Kg7 c3 Rh8 Ng3 Qc7 Qf3 Rh4 Qd3 Rah8 h3 Rxh3 gxh3 Rxh3 Nf5+ gxf5 Qxh3
ponziopilato,1500,C,vanitasmarilyn,2060,CM,560,white,outoftime,63,French Defense: Knight Variation,e4 e6 Nf3 d5 exd5 exd5 d4 Nf6 Bd3 Bg4 O-O c5 Re1+ Be7 dxc5 Nc6 Bg5 O-O Nbd2 Bxc5 c3 Qb6 Be3 d4 cxd4 Bxd4 Nc4 Qc5 Be2 Bxf3 Bxd4 Nxd4 gxf3 Rad8 Qd3 Nh5 Rac1 Qg5+ Kh1 Nf5 Rg1 Qf6 Qc3 Qxc3 Rxc3 b6 Bd3 Nh4 Be4 f5 Bc2 Nxf3 Rxf3 g6 Rxf5 Rxf5 Bxf5 Nf4 Bc2 Ne2 Rd1 Rf8 Kg2
tonoyanrob7,2150,CM,atchayam,1595,C,555,black,outoftime,150,King's Indian Defense: Makogonov Variation,e4 g6 d4 Bg7 c4 d6 Nc3 Nf6 h3 O-O Nf3 c5 d5 e6 Bd3 Re8 O-O exd5 exd5 Nbd7 Bf4 Ne5 Nxe5 dxe5 Bg5 h6 Be3 b6 Qd2 e4 Be2 Bf5 Bxh6 Rb8 Bf4 Rb7 Nb5 Qd7 Nd6 Rbb8 Nxe8 Rxe8 Kh2 Nh5 g4 Nxf4 Qxf4 Be5 Qxe5 Rxe5 gxf5 Qxf5 Bg4 Qf4+ Kg2 f5 Be2 Qg5+ Kh2 e3 f4 Qe7 fxe5 Qxe5+ Kg2 Qe4+ Rf3 g5 Kh2 Qe5+ Rg3 f4 Rf3 Qxb2 Re1 Qxa2 d6 Kf8 Kg1 Ke8 Kf1 Kd7 Rd1 Qc2 h4 Qh7 Rh3 Qf5 Rh2 f3 hxg5 fxe2+ Kxe2 Qc2+ Kxe3 Qxh2 Rd2 Qg3+ Ke2 Qxg5 Kd1 Qg1+ Kc2 Qg6+ Kc3 Qf6+ Kb3 a6 Rd3 b5 Rd2 Qf3+ Kc2 b4 Kc1 Qc3+ Kd1 Qxc4 Ke1 Qc3 Ke2 Qxd2+ Kxd2 Kxd6 Kd3 Kc6 Kc2 a5 Kb3 Kb5 Kb2 a4 Ka2 c4 Kb2 a3+ Ka2 Ka4 Kb1 b3 Ka1 c3 Kb1 Kb4 Ka1 Kc4 Kb1 Kd3 Ka1 b2+
meir,1684,B,first-time-1,2239,NM,555,white,outoftime,101,French Defense #2,e4 e6 Bc4 d5 exd5 exd5 Bb3 Nc6 d4 Nf6 Bg5 Be7 Nf3 O-O h3 Na5 O-O Nxb3 axb3 Bf5 c4 Be6 c5 Re8 Nc3 Bf5 b4 h6 Bh4 Kf8 b5 Kg8 b4 Ne4 Bxe7 Rxe7 Nxe4 dxe4 Nh2 Rd7 Qa4 Qg5 Kh1 Rxd4 b6 cxb6 cxb6 a6 Rad1 Qd8 Rxd4 Qxd4 Qa5 Be6 b5 Bc4 Qa4 Qd5 Re1 Qxb5 Qxb5 axb5 Ng4 Ra6 Rxe4 f5 Re7 fxg4 Rxb7 gxh3 Rb8+ Kf7 gxh3 Bd5+ Kh2 Ra2 Kg3 Ra3+ Kf4 Rxh3 b7 Kg6 Ke5 Rh5+ Kd6 Rf5 f4 b4 Kc7 Rf7+ Kb6 b3 Rd8 Rxb7+ Ka6 b2 Rd6+ Kf7 Rxd5 b1=Q Rd7+
ranchowangdu,1500,C,vanitasmarilyn,2054,CM,554,white,resign,89,English Opening: Anglo-Indian Defense |  Hedgehog System,c4 e6 Nc3 Nf6 g3 d5 cxd5 exd5 Bg2 Bd6 Nxd5 Nxd5 Bxd5 Qg5 Bg2 O-O Nf3 Qb5 O-O Bg4 Nd4 Qb6 Nc2 c6 h3 Bh5 d3 Nd7 Rb1 Rae8 g4 Bg6 e4 Qa5 b4 Qc7 f4 f6 Be3 Bf7 Qd2 Bxa2 Ra1 Bf7 Rxa7 Ra8 Rfa1 Rxa7 Rxa7 c5 e5 fxe5 Rxb7 Qc8 bxc5 Bxc5 d4 exd4 Nxd4 Nf6 Nf5 Rd8 Qc3 Bxe3+ Qxe3 Qc4 Ne7+ Kh8 Nc6 Rd1+ Kh2 Bg8 Rb8 h5 Ne5 Qc7 Ra8 hxg4 hxg4 g5 Qh3+ Kg7 Qa3 Nxg4+ Kg3 Nxe5 Qf8+ Kg6 Qxg8+
rajuppi,2449,IM,mburch1974,1899,A,550,black,resign,54,Saragossa Opening,c3 d5 d4 c6 Bd2 f5 Bf4 Nf6 Nf3 Ne4 Nbd2 Nd7 e3 Ndf6 Bd3 g6 O-O e6 Be5 Bg7 Bxf6 Bxf6 Ne5 Nxd2 Qxd2 O-O f4 Bd7 g3 Qe7 g4 Bxe5 fxe5 Qg5 Be2 Rf7 Kh1 Raf8 gxf5 exf5 Rg1 Qh4 Qe1 Qe4+ Rg2 f4 exf4 Rxf4 Bg4 Rf1+ Qxf1 Rxf1+ Rxf1 Bxg4
wolfdomination,1500,C,youngmoney2299,2048,CM,548,white,resign,5,Alekhine Defense: Maroczy Variation,d3 Nf6 e4 Nxe4 dxe4
silvio_toro,1329,D,justanotherguy321,1876,A,547,white,mate,85,Queen's Pawn Game: Mason Attack,d4 d5 Bf4 e6 Nf3 Nf6 e3 h6 Nbd2 Nc6 a3 g5 Bg3 Bd6 Bb5 Bxg3 Bxc6+ bxc6 hxg3 O-O Ne5 Qd6 c3 Ba6 b3 Nd7 Nxd7 Qxd7 Qh5 Bd3 Qxh6 f6 f3 Qh7 Qxh7+ Bxh7 e4 Rfe8 Rc1 dxe4 Nxe4 Kg7 Kd2 f5 Nxg5 Rh8 Nxe6+ Kg8 Rh6 Re8 Nf4 Kf7 Rch1 Re6 Rxh7+ Rxh7 Rxh7+ Kf6 Nxe6 Kxe6 Rxc7 Kd5 Rxa7 c5 Ra5 Kc6 Rxc5+ Kb6 b4 f4 a4 fxg3 a5+ Ka6 d5 Ka7 d6 Ka6 d7 Ka7 d8=Q Ka6 Qc8+ Ka7 Rc7#
ranchowangdu,1500,C,gannet,2047,CM,547,white,resign,85,English Opening: Symmetrical Variation |  Two Knights Variation,c4 c5 Nc3 Nc6 Nf3 g6 d4 cxd4 Nxd4 Bg7 Nc2 Nf6 e4 d6 Be2 O-O Be3 Qa5 O-O Be6 Rc1 Rac8 f3 Ne5 b4 Qc7 Na3 a6 Nd5 Bxd5 cxd5 Qd7 b5 Rxc1 Qxc1 Rc8 Qd2 Qc7 bxa6 bxa6 Rc1 Qxc1+ Qxc1 Rxc1+ Bxc1 Ned7 Bxa6 Nc5 Bb5 Nfd7 Be3 Bc3 Nc4 f5 a4 Bb4 a5 fxe4 fxe4 Nf6 a6 Nxa6 Bxa6 Nxe4 Bc8 Bc5 Bxc5 Nxc5 Kf2 Kf7 Ke3 Kf6 g4 h6 Nb6 Ke5 h4 g5 h5 e6 dxe6 Nxe6 Bxe6 Kxe6 Kd4
yellow_dragon,1931,A,gambeet21,1384,D,547,black,resign,88,Queen's Gambit Refused: Albin Countergambit |  Normal Line,d4 d5 c4 e5 dxe5 d4 Nf3 Nc6 e3 Bb4+ Bd2 dxe3 fxe3 Bxd2+ Qxd2 Bg4 Qxd8+ Nxd8 h3 Bxf3 gxf3 Ne6 Nc3 f6 Nd5 fxe5 O-O-O Ne7 h4 Nf5 Bh3 Rf8 e4 Nfd4 Rxd4 exd4 Bxe6 c6 Nc7+ Ke7 Nxa8 Kxe6 Nc7+ Kd6 Rg1 g6 Nd5 cxd5 cxd5 Rxf3 Rd1 Ke5 Kc2 Rh3 Rd3 Rxh4 d6 Rh2+ Kb3 Kxd6 Rxd4+ Ke6 Ra4 a6 Rb4 g5 Rxb7 g4 Rg7 h5 Kc3 Ke5 Re7+ Kf6 Ra7 g3 Rxa6+ Ke5 Rg6 g2 a4 h4 a5 Rh3+ Kc4 Rg3 Rh6 g1=Q
jofranmaster,1585,C,holyship,2131,CM,546,white,resign,83,Pirc Defense #4,e4 d6 Bc4 Nf6 Nc3 g6 d3 Bg7 Bd2 O-O Nge2 Nbd7 O-O a6 f4 b5 Bb3 c5 a3 Bb7 f5 Ne5 fxg6 hxg6 Bg5 Rc8 Bxf6 Bxf6 Nd5 Bg7 Ng3 c4 dxc4 bxc4 Ba2 e6 Nc3 Qb6+ Kh1 Qxb2 Qb1 Qxc3 Qxb7 Qxc2 Qxa6 Nd3 Qxd6 Rfd8 Qa6 Nf2+ Kg1 Bd4 Rxf2 Qxf2+ Kh1 Be5 Bxc4 Bxg3 hxg3 Qxg3 Rc1 Rd2 Qxc8+ Kg7 Bf1 Qh4+ Kg1 Qf2+ Kh1 Qh4+ Kg1 Qf2+ Kh2 Qh4+ Kg1 Qf4 Qc3+ e5 Qf3 Qh6 Qc3 Rd8 Qxe5+
sleepez,2045,CM,premg,1500,C,545,black,outoftime,116,Philidor Defense #2,e4 e5 Nf3 d6 h3 Be7 d4 Nc6 Bb5 Bd7 d5 Nb8 Qd3 Nf6 Nbd2 a6 Bxd7+ Nbxd7 Nb3 O-O Be3 Qc8 O-O Qd8 c4 b6 Nfd2 a5 f4 Nc5 Nxc5 bxc5 f5 a4 Rf3 Qb8 b3 axb3 Nxb3 Ra3 Bc1 Ra6 Rg3 Nh5 Rf3 Qa8 g4 Nf4 Bxf4 exf4 Qd2 Bf6 Rc1 Rxa2 Rc2 Ra3 Qe2 Be5 Nd2 Ra1+ Rf1 Ra3 Nf3 Re3 Qd2 Qa3 Ra2 Qb3 Kg2 Qxc4 Nxe5 dxe5 Rf2 Qxe4+ Kh2 Qb4 Rb2 Qxd2 Rfxd2 h6 Rb7 Rc8 Rc2 f6 Rxc5 Rd3 Rcxc7 Rxc7 Rxc7 Rxd5 Rc4 Rd3 Kg2 Re3 Kf2 Kf7 h4 Rg3 Rc7+ Kg8 Rc8+ Kh7 g5 hxg5 hxg5 Rxg5 Kf3 Rxf5 Ke4 Rh5 Rc7 Rh3 Rc4 Re3+ Kd5 Kg6
ulunlawang,1698,B,andreschil,1154,E,544,black,resign,22,English Opening: King's English Variation |  Two Knights Variation,c4 e5 Nc3 Nf6 e3 e4 Nge2 d5 cxd5 Nxd5 Nxe4 Bf5 N4g3 Bg4 f3 Be6 Nd4 Bb4 Bd3 Nxe3 Kf2 Nxd1+
grigoriy-66,1698,B,jrandmaster,1155,E,543,black,mate,36,King's Indian Defense: Four Pawns Attack,d4 Nf6 c4 g6 Nc3 Bg7 e4 d6 f4 O-O h3 Nh5 Nf3 f5 e5 Ng3 Rg1 Nc6 Bd3 dxe5 dxe5 Nb4 Bb1 Qxd1+ Nxd1 Rd8 Nf2 Be6 b3 a5 a3 Nc6 Ng5 Nd4 Ba2 Nc2#
dumb_robot,1226,D,gjdgjdfj,1767,B,541,white,resign,81,Sicilian Defense: Canal Attack |  Main Line,e4 c5 Nf3 d6 Bb5+ Bd7 Bxd7+ Qxd7 O-O Nc6 c3 Nf6 Re1 g6 d4 cxd4 Nxd4 Bg7 Nxc6 bxc6 Na3 O-O Nc4 Nh5 Bg5 h6 Bh4 Rab8 e5 d5 e6 fxe6 Ne5 Bxe5 Rxe5 Rf5 Re2 Rf4 g3 Rf7 Qd3 Kg7 b3 g5 g4 Nf4 Qd4+ Kh7 Re5 gxh4 g5 Ng6 Qd3 hxg5 Rxg5 Rf5 Rg4 Ne5 Rxh4+ Kg7 Qg3+ Kf6 Rh6+ Kf7 Rh7+ Ke8 f4 Kd8 fxe5 Kc7 Qe3 Kb7 Qd4 Qe8 Qb4+ Kc8 Qxe7 Qg6+ Kh1 Rf2 Rh8+
nigelnaomi,1263,D,tengrihan,1803,A,540,white,resign,59,Scandinavian Defense: Mieses-Kotroc Variation,e4 d5 exd5 Qxd5 Nf3 Bg4 Be2 Nc6 O-O O-O-O Nc3 Qa5 d3 e6 Bd2 Qh5 h3 Bxf3 Bxf3 Qh4 Bxc6 bxc6 Qf3 Bd6 Rae1 Nh6 Re4 Qf6 Qxf6 gxf6 Bxh6 Rdg8 Ra4 Rg6 Be3 Rhg8 g3 h5 Ne4 h4 Nxd6+ cxd6 Rxh4 f5 Ra4 e5 Kh2 f4 gxf4 Rg2+ Kh1 exf4 Bxf4 R2g6 Rxa7 Kb8 Rxf7 Rh8 Kh2
cowcowcuw123,2030,CM,hamzeh_persian,1491,C,539,black,resign,52,Ruy Lopez: Open Variations |  Open Variation,e4 e5 Nf3 Nc6 Bb5 a6 Ba4 Nf6 O-O Nxe4 Re1 Nc5 Nxe5 Nxe5 Rxe5+ Be7 Bb3 Nxb3 axb3 O-O d4 Bf6 Re1 Re8 Rxe8+ Qxe8 Nc3 Bxd4 Nd5 Be5 Bf4 Bxf4 Nxf4 d6 Nd5 Qd8 Qe2 Be6 Nf4 Qf6 Nxe6 Re8 c3 Rxe6 Qc4 c6 b4 Qf5 h3 Qc2 b3 g6
zaeemalam,1500,C,jameleddine,2037,CM,537,white,resign,12,French Defense: Exchange Variation,e4 d5 exd5 e6 d4 exd5 Nc3 Bf5 Bf4 Nc6 Nf3 Nf6
vanitasmarilyn,2060,CM,isidore,1527,C,533,black,resign,50,King's Gambit Accepted |  King's Knight Gambit,e4 e5 f4 exf4 Nf3 Bc5 d4 Bb6 Bc4 d6 Bxf4 Ne7 O-O O-O Nc3 Bg4 Nd5 Ng6 Nxb6 axb6 h3 Bd7 Bd3 Ra5 Bh2 Qc8 d5 c6 dxc6 Nxc6 c3 Bxh3 gxh3 Qxh3 Ng5 Rxg5+ Kf2 Qxh2+ Ke3 Rg3+ Rf3 Qh6+ Kf2 Qh2+ Ke3 Nce5 Rxg3 Qxg3+ Ke2 Nf4+
nanang8231,1807,A,piley159,1274,D,533,black,resign,12,Grob Opening: Grob Gambit,g4 d5 Bg2 Bxg4 b3 e6 Bb2 Nc6 Nh3 a6 f3 Bxh3
samuelpro,1002,E,peachunited,1534,C,532,white,mate,13,Bishop's Opening,e4 e5 Bc4 Nc6 Qf3 f6 Qh5+ g6 Qf3 Nge7 Qxf6 Rg8 Qf7#
fairygirl,2438,IM,eldiablo5,1907,A,531,black,outoftime,50,Slav Defense: Quiet Variation |  Pin Defense,d4 d5 c4 c6 Nf3 Nf6 e3 Bg4 cxd5 Qxd5 Nc3 Qa5 Be2 e6 Bd2 Be7 Rc1 O-O O-O Nbd7 a3 Bd6 h3 Bh5 Ne4 Qc7 Nxd6 Qxd6 Bb4 c5 dxc5 Qxd1 Rfxd1 Bxf3 Bxf3 Rab8 g4 Ne5 Bg2 Rfe8 f4 Ng6 Bc3 Nh4 Bf1 h5 g5 Ne4 Be1 Nf3+
crazyscientist1,884,Novices,avestruz,1415,C,531,white,resign,57,Duras Gambit,e4 f5 exf5 Nh6 Qh5+ Nf7 Bc4 d5 Be2 Nd7 Nc3 Nf6 Qf3 Ne5 Qe3 Nc6 d4 Bxf5 Bd3 Ne4 Nxe4 dxe4 Bxe4 Qd7 Bxc6 Qxc6 c3 Qxg2 Qf3 Qxf3 Nxf3 O-O-O Ke2 g6 Ne5 Be6 Bg5 Bg7 Bxe7 Bxe5 Bxd8 Re8 dxe5 Bd5 Rhd1 Rxe5+ Kf1 Bf3 Re1 Rd5 Bh4 Rd2 Re8+ Kd7 Rd8+ Kc6 Rxd2
stitch_13,1264,D,housssam,1792,B,528,white,mate,103,Mieses Opening,d3 d5 e3 e5 Nd2 f5 Rb1 c5 b3 Nf6 Ba3 Be7 Bb2 Nc6 Ndf3 Qc7 Qd2 O-O Qe2 d4 e4 fxe4 Ng5 exd3 Qxd3 g6 Qc4+ Kg7 Ne6+ Bxe6 Qxe6 Rae8 Qc4 e4 Ne2 Qa5+ c3 dxc3 Bxc3 Qxa2 Ra1 Qc2 Rc1 Qd3 Bxf6+ Bxf6 Qxc5 Qxb3 Nc3 Qb4 Qe3 Qb2 Bb5 Rd8 O-O Rd3 Qxa7 Rxc3 Qxb7+ Kh6 Rxc3 Qxc3 Bxc6 Bh4 g3 Bg5 Bxe4 Qd2 f3 Be3+ Kh1 Qe2 Qb1 Rf6 Re1 Qf2 Rxe3 Qxe3 Qb5 Rb6 Qe8 Qe1+ Kg2 Rb2+ Kh3 Qf1+ Kh4 Rxh2+ Kg4 Qh3+ Kf4 g5+ Ke3 Qxg3 Qe6+ Kh5 Qf7+ Kh6 Qf6+ Kh5 Qf7+ Kh6 Qxh7#
dhernandez101,1440,C,parrotz,1968,A,528,white,mate,57,Sicilian Defense: Closed Variation |  Traditional,e4 c5 Nc3 Nc6 Nf3 d6 d4 cxd4 Nxd4 Nxd4 Qxd4 Nf6 Nd5 e5 Qc4 Nxd5 Qxd5 Be7 Bb5+ Bd7 Bc4 O-O Qxb7 Rb8 Qxa7 Qc8 Ba6 Qxc2 Qxd7 Qxe4+ Be3 Bh4 O-O Rxb2 f3 Qxe3+ Kh1 Qh6 Rfd1 Bg3 h3 Rb6 Bc4 Qf4 Qc7 Bf2 a4 Qg3 a5 Rb2 Rdb1 Bb6 Qxf7+ Rxf7 Rxb2 Bd4 Rb8#
a_p_t_e_m_u_u,1295,D,alexanderar1977,1821,A,526,white,mate,25,King's Knight Opening: Normal Variation,e4 e5 Nf3 Nc6 d3 Bb4+ c3 Bc5 Ng5 Nf6 Be2 O-O d4 exd4 cxd4 Bxd4 Qc2 d6 O-O Bg4 Bxg4 Nxg4 e5 dxe5 Qxh7#
a_p_t_e_m_u_u,1295,D,alexanderar1977,1821,A,526,white,mate,25,King's Knight Opening: Normal Variation,e4 e5 Nf3 Nc6 d3 Bb4+ c3 Bc5 Ng5 Nf6 Be2 O-O d4 exd4 cxd4 Bxd4 Qc2 d6 O-O Bg4 Bxg4 Nxg4 e5 dxe5 Qxh7#
a_p_t_e_m_u_u,1295,D,alexanderar1977,1821,A,526,white,mate,25,King's Knight Opening: Normal Variation,e4 e5 Nf3 Nc6 d3 Bb4+ c3 Bc5 Ng5 Nf6 Be2 O-O d4 exd4 cxd4 Bxd4 Qc2 d6 O-O Bg4 Bxg4 Nxg4 e5 dxe5 Qxh7#
xamio,967,Novices,valen0k,1491,C,524,white,mate,49,Three Knights Opening,e4 e5 Nf3 Nc6 Nc3 Bc5 d4 Bxd4 Nxe5 Bxe5 Bc4 Qf6 Qd5 Bd4 Be3 Bxe3 fxe3 Nh6 e5 Qf5 e4 Qf4 Rf1 Qxh2 Rxf7 Nxf7 Qxf7+ Kd8 Qxg7 Qg1+ Kd2 Qd4+ Kc1 Re8 Qf7 Qg1+ Kd2 Qxa1 Qf2 b6 Qf6+ Ne7 Nd5 Bb7 Bb5 c6 Qd6 cxb5 Qc7#
swingnoodle,1278,D,icecreamdealer,1801,A,523,white,resign,17,Italian Game: Anti-Fried Liver Defense,e4 e5 Nf3 Nc6 Bc4 h6 d4 exd4 Nxd4 Nxd4 Qxd4 b6 O-O c5 Qd5 Qe7 Qxa8
shivangithegenius,978,Novices,lucasimeon,1500,C,522,white,mate,53,Dutch Defense,d4 f5 e3 Nf6 Nc3 d5 Bb5+ c6 Bd3 b5 Qf3 Qa5 Bxf5 Nbd7 Bxd7+ Bxd7 a3 Bg4 Qf4 h5 b4 Qb6 h3 Be6 Nf3 c5 bxc5 Qa5 Bb2 Rb8 Qxb8+ Kd7 Qb7+ Kd8 Qa8+ Bc8 c6 Qc7 Nxb5 Qxc6 Qxc6 Ne4 Qc7+ Ke8 Qxc8+ Kf7 Ne5+ Kf6 Nc7 e6 Qxe6+ Kg5 h4#
lucasimeon,1500,C,shivangithegenius,978,Novices,522,black,resign,36,English Opening: King's English Variation,c4 e5 b3 d5 Bb2 e4 d4 exd3 Qxd3 Nf6 Be5 dxc4 bxc4 Bb4+ Nc3 Bxc3+ Qxc3 Ne4 Qh3 Ng5 Qa3 Ne4 Bxg7 Rg8 Qa4+ Bd7 Bf6 Qxf6 Nf3 Bxa4 e3 Qxa1+ Ke2 Qxa2+ Kd3 Nxf2+
trx,1149,E,motion,1669,B,520,white,mate,55,Polish Opening: Baltic Defense,b4 d5 Bb2 Bf5 Nf3 e6 g3 h6 a3 a6 Bg2 Nf6 c3 Bd6 Nd4 Bh7 O-O e5 Nf3 Nbd7 c4 dxc4 Nc3 b5 d4 O-O dxe5 Nxe5 Nxe5 Bxe5 Bxa8 Qxa8 f4 Bd6 e3 Rd8 Qf3 Qc8 Nd5 Nxd5 Qxd5 Bxb4 Qe5 Bf8 Rfd1 Bc2 Rxd8 Qxd8 Qc3 Bb3 a4 Bxa4 Ra3 Bxa3 Qxg7#
thethedde94,1080,E,fjachess,1600,C,520,white,outoftime,67,Alekhine Defense: Scandinavian Variation,e4 Nf6 Nc3 d5 Bb5+ c6 Ba4 dxe4 d3 exd3 cxd3 Bf5 Qc2 Bxd3 Qd2 Bg6 Nf3 Ne4 Qxd8+ Kxd8 O-O Nc5 b3 Nxa4 Nxa4 e6 Bg5+ f6 Bf4 e5 Be3 Na6 Rfd1+ Kc8 Nc3 Nc7 a4 Bc2 Rd2 Bxb3 Ne4 Bd5 Nc3 Bxf3 gxf3 Be7 Ne4 Rd8 Rad1 Rxd2 Rxd2 Nd5 Bc5 Bxc5 Nxc5 b6 Ne4 Kc7 h4 Rd8 Ng3 Nc3 Rxd8 Kxd8 Nf5 g6 Ne3
gomex,1514,C,fillip,2032,CM,518,white,resign,57,Pirc Defense #4,e4 d6 Nf3 Nf6 e5 dxe5 Nxe5 g6 d4 Bg7 Bc4 O-O O-O c6 Be3 Nbd7 Nc3 e6 Nxd7 Nxd7 Ne4 b5 Bd3 Nb6 c3 a5 a3 a4 Qc2 Qd5 Nc5 Qd8 Be4 Bd7 Nxd7 Qxd7 Bf3 Nc4 b3 axb3 Qxb3 Qd6 Qb4 Qxb4 axb4 Rxa1 Rxa1 Rc8 Ra6 Nd6 Bxc6 Nf5 Ra8 Rxa8 Bxa8 Nd6 f4
trx,1125,E,marcosvinicius,1643,B,518,white,resign,47,French Defense: Classical Variation |  Steinitz Variation,d4 Nf6 Nc3 e6 e4 d5 e5 Nfd7 Be3 b6 Bb5 a6 Ba4 Be7 Qf3 b5 Bb3 c5 dxc5 Nxc5 Bxc5 Bxc5 O-O-O O-O Nxd5 exd5 Bxd5 Qg5+ Rd2 Bg4 Qc3 Bxf2 Bxa8 Be1 h4 Bxd2+ Qxd2 Qxe5 Nf3 Bxf3 gxf3 Nd7 Re1 Qf6 Qxd7 Qf4+ Kb1
superhero098,1997,A,miqomanukyan2001,1480,C,517,black,mate,70,Center Game: Paulsen Attack Variation,e4 e5 d4 exd4 Qxd4 Nc6 Qe3 b6 Bd3 Bc5 Nc3 Bxe3 Bxe3 d6 O-O-O Nf6 h3 Be6 Be2 Ne5 f4 Nc4 Bd4 O-O e5 Nd7 exd6 cxd6 Nf3 Qc7 Ng5 h6 Nge4 Nc5 Ng3 Rad8 f5 d5 Bf2 Qf4+ Kb1 Qxf2 fxe6 Qxg3 Nxd5 fxe6 Ne7+ Kf7 Nc6 Rxd1+ Rxd1 Ne3 Rc1 Rc8 Nd4 Qf2 Bf3 e5 Nb5 e4 Nd6+ Kf8 Bh5 Rc6 Nb5 Nd3 Rh1 Qxc2+ Ka1 Qxb2#
striker123,1806,A,taranga,1289,D,517,black,resign,66,Scotch Game,e4 e5 Nf3 Nc6 d4 d6 dxe5 Nxe5 Nxe5 dxe5 Qxd8+ Kxd8 Nc3 Nf6 a3 Bc5 Bc4 Ng4 O-O Nxf2 Rxf2 Bxf2+ Kxf2 Be6 Bxe6 fxe6 b3 Rf8+ Kg1 Ke7 Bb2 Rad8 Rd1 Rxd1+ Nxd1 Rd8 Ne3 Rd2 Bxe5 Re2 Bf4 Kf7 Kf1 Rd2 Ke1 Rd4 Bxc7 Rxe4 Ke2 Ke8 Bb8 a6 Ba7 Rh4 h3 h5 Kd3 g5 Bb8 g4 Bg3 gxh3 Bxh4 h2 Bf2 h1=Q
striker123,1806,A,taranga,1289,D,517,black,resign,66,Scotch Game,e4 e5 Nf3 Nc6 d4 d6 dxe5 Nxe5 Nxe5 dxe5 Qxd8+ Kxd8 Nc3 Nf6 a3 Bc5 Bc4 Ng4 O-O Nxf2 Rxf2 Bxf2+ Kxf2 Be6 Bxe6 fxe6 b3 Rf8+ Kg1 Ke7 Bb2 Rad8 Rd1 Rxd1+ Nxd1 Rd8 Ne3 Rd2 Bxe5 Re2 Bf4 Kf7 Kf1 Rd2 Ke1 Rd4 Bxc7 Rxe4 Ke2 Ke8 Bb8 a6 Ba7 Rh4 h3 h5 Kd3 g5 Bb8 g4 Bg3 gxh3 Bxh4 h2 Bf2 h1=Q
superhero098,1997,A,miqomanukyan2001,1480,C,517,black,mate,70,Center Game: Paulsen Attack Variation,e4 e5 d4 exd4 Qxd4 Nc6 Qe3 b6 Bd3 Bc5 Nc3 Bxe3 Bxe3 d6 O-O-O Nf6 h3 Be6 Be2 Ne5 f4 Nc4 Bd4 O-O e5 Nd7 exd6 cxd6 Nf3 Qc7 Ng5 h6 Nge4 Nc5 Ng3 Rad8 f5 d5 Bf2 Qf4+ Kb1 Qxf2 fxe6 Qxg3 Nxd5 fxe6 Ne7+ Kf7 Nc6 Rxd1+ Rxd1 Ne3 Rc1 Rc8 Nd4 Qf2 Bf3 e5 Nb5 e4 Nd6+ Kf8 Bh5 Rc6 Nb5 Nd3 Rh1 Qxc2+ Ka1 Qxb2#
striker123,1806,A,taranga,1289,D,517,black,resign,66,Scotch Game,e4 e5 Nf3 Nc6 d4 d6 dxe5 Nxe5 Nxe5 dxe5 Qxd8+ Kxd8 Nc3 Nf6 a3 Bc5 Bc4 Ng4 O-O Nxf2 Rxf2 Bxf2+ Kxf2 Be6 Bxe6 fxe6 b3 Rf8+ Kg1 Ke7 Bb2 Rad8 Rd1 Rxd1+ Nxd1 Rd8 Ne3 Rd2 Bxe5 Re2 Bf4 Kf7 Kf1 Rd2 Ke1 Rd4 Bxc7 Rxe4 Ke2 Ke8 Bb8 a6 Ba7 Rh4 h3 h5 Kd3 g5 Bb8 g4 Bg3 gxh3 Bxh4 h2 Bf2 h1=Q
striker123,1806,A,taranga,1289,D,517,black,resign,66,Scotch Game,e4 e5 Nf3 Nc6 d4 d6 dxe5 Nxe5 Nxe5 dxe5 Qxd8+ Kxd8 Nc3 Nf6 a3 Bc5 Bc4 Ng4 O-O Nxf2 Rxf2 Bxf2+ Kxf2 Be6 Bxe6 fxe6 b3 Rf8+ Kg1 Ke7 Bb2 Rad8 Rd1 Rxd1+ Nxd1 Rd8 Ne3 Rd2 Bxe5 Re2 Bf4 Kf7 Kf1 Rd2 Ke1 Rd4 Bxc7 Rxe4 Ke2 Ke8 Bb8 a6 Ba7 Rh4 h3 h5 Kd3 g5 Bb8 g4 Bg3 gxh3 Bxh4 h2 Bf2 h1=Q
superhero098,1997,A,miqomanukyan2001,1480,C,517,black,mate,70,Center Game: Paulsen Attack Variation,e4 e5 d4 exd4 Qxd4 Nc6 Qe3 b6 Bd3 Bc5 Nc3 Bxe3 Bxe3 d6 O-O-O Nf6 h3 Be6 Be2 Ne5 f4 Nc4 Bd4 O-O e5 Nd7 exd6 cxd6 Nf3 Qc7 Ng5 h6 Nge4 Nc5 Ng3 Rad8 f5 d5 Bf2 Qf4+ Kb1 Qxf2 fxe6 Qxg3 Nxd5 fxe6 Ne7+ Kf7 Nc6 Rxd1+ Rxd1 Ne3 Rc1 Rc8 Nd4 Qf2 Bf3 e5 Nb5 e4 Nd6+ Kf8 Bh5 Rc6 Nb5 Nd3 Rh1 Qxc2+ Ka1 Qxb2#
crazyscientist1,928,Novices,bryguy,1442,C,514,white,mate,101,French Defense: Exchange Variation,e4 e6 d4 d5 exd5 exd5 Nc3 Nf6 Bf4 a6 Nf3 c5 dxc5 Bxc5 Bd3 Nc6 O-O O-O h3 Nd4 Nxd4 Bxd4 Bxh7+ Kxh7 Qxd4 Kg8 Bg5 Be6 Bxf6 Qxf6 Qxf6 gxf6 Rad1 Rfd8 Rd3 b5 Rfd1 Rac8 Nxd5 Bxd5 Rxd5 Rxd5 Rxd5 Rxc2 Rd6 Rxb2 Rxa6 Kg7 g3 f5 Kg2 f6 Kf3 Kg6 Ra3 Kg5 Rb3 Rxa2 Rxb5 Ra3+ Kg2 Rc3 h4+ Kg4 f3+ Rxf3 Rb4+ Rf4 Rxf4+ Kh5 Rxf5+ Kg6 Rf4 Kh5 Rxf6 Kg4 h5 Kxh5 Rf4 Kg5 Kh3 Kh5 g4+ Kg5 Rf5+ Kg6 Kh4 Kh6 g5+ Kg6 Rf6+ Kg7 Kh5 Kh7 g6+ Kg7 Rf7+ Kg8 Kh6 Kh8 Rf8#
nullbyte,1707,B,legendaryherojuice,1193,E,514,black,mate,48,Center Game #2,e4 e5 d4 Nf6 dxe5 Nxe4 Bd3 Nc5 Be3 Nc6 Bc4 Nxe5 Bxf7+ Kxf7 Qd5+ Kg6 Qxe5 d6 Qg3+ Kf7 Nf3 Bf5 Qf4 Qf6 c3 Nd3+ Ke2 Nxf4+ Bxf4 Qe6+ Be3 Bg4 Kf1 Re8 Ng5+ Kg6 Nxe6 Rxe6 h3 Bf5 Bxa7 b6 Kg1 d5 Bb8 Bd6 Ba7 Re1#
vanitasmarilyn,2060,CM,basilis,1546,C,514,black,mate,40,Duras Gambit,e4 f5 e5 d6 exd6 cxd6 Nc3 Nf6 d4 e6 Bd3 e5 dxe5 dxe5 Bg5 Be7 Qe2 e4 Bb5+ Nc6 Bxc6+ bxc6 f3 O-O Bd2 Be6 fxe4 fxe4 Nxe4 Nxe4 Qxe4 Bd5 Qg4 Re8 O-O-O Qd6 Nf3 Bxa2 b3 Qa3#
crazyscientist1,972,Novices,klopstockus,1484,C,512,white,resign,69,Sicilian Defense: Closed Variation,e4 c5 Nc3 d6 f4 e5 fxe5 dxe5 Nf3 Nc6 Bb5 Bg4 Bxc6+ bxc6 O-O Nf6 d3 Be7 h3 Be6 Nxe5 Qc7 Nf3 O-O Ng5 Bd7 Bf4 Bd6 Bxd6 Qxd6 Nf3 Rab8 e5 Qc7 exf6 gxf6 Ne4 Qd8 Nxc5 Bf5 Nb3 Kh8 Nfd4 Bd7 Qf3 Rg8 Qxf6+ Rg7 Qxd8+ Rxd8 Nc5 Bxh3 Kh2 Bxg2 Rg1 Rdg8 Rae1 Bd5 Rxg7 Rxg7 Re8+ Rg8 Rxg8+ Kxg8 Nf5 h6 Ne7+ Kg7 Nxd5
nikolay55,1605,B,raesremmurd,2114,CM,509,white,outoftime,151,Sicilian Defense: Bowdler Attack,e4 c5 Bc4 Nc6 c3 d6 d3 g6 Nd2 Bg7 Ndf3 e6 h3 Nge7 Be3 O-O Ne2 f5 g4 fxe4 Ng5 d5 Bb5 exd3 Qxd3 d4 Bf4 dxc3 Qxd8 Rxd8 Nxc3 Nd5 Nxd5 exd5 O-O Nd4 Bd3 Bd7 Kg2 Bc6 Be3 Rf8 Bxd4 Bxd4 Ne6 Rf6 Nxd4 cxd4 Rae1 Raf8 b3 Rf3 Rd1 b6 a4 h5 Bxg6 hxg4 hxg4 Rxb3 Rxd4 Ra3 Rh1 Rf6 Bh7+ Kf7 Bf5 Ke7 Rh7+ Kd6 Rxa7 Ra2 Kg3 Kc5 Rf4 d4 f3 Rxa4 Rxa4 Bxa4 Bd3 Rxf4 Kxf4 Bd1 g5 Bb3 g6 Kb4 g7 Kc3 Ke4 Bf7 f4 Bg8 f5 Bf7 Bb5 Kb4 Bd3 Kc3 Bb5 Kb4 Bd3 Kc5 Ke5 b5 f6 b4 Bg6 Bxg6 g8=Q Bh5 Qc8+ Kb5 Kxd4 Ka4 Qc6+ Ka3 Qc1+ Ka4 Kc4 Bf7+ Kc5 Kb3 Qb1+ Kc3 Qxb4+ Kd3 Qd4+ Ke2 Qg4+ Ke3 Qg5+ Kd3 Qf4 Kc3 Qd4+ Kc2 Kb4 Bb3 Qc3+ Kd1 Kxb3 Ke2 Qg3 Kd2 Qf3 Kc1 Kc3 Kb1 Qe2
darkhorse_98,1500,C,lodzianin,2008,CM,508,white,resign,98,Ruy Lopez: Steinitz Defense,e4 e5 Nf3 Nc6 Bb5 d6 d4 Bd7 d5 Nce7 Bxd7+ Qxd7 c4 O-O-O Nc3 c6 Be3 c5 a3 f5 Ng5 Nh6 Ne6 Re8 Bxh6 gxh6 Qh5 Rg8 g3 f4 b4 Ng6 bxc5 Rxe6 dxe6 Qxe6 cxd6 Bxd6 Nd5 fxg3 hxg3 Bf8 Qf5 Qxf5 exf5 Nh8 O-O Nf7 Kg2 Nd6 f6 Nxc4 Rac1 b5 Ne3 Bxa3 Rc2 Kd7 Nxc4 bxc4 Rxc4 Rf8 Rd1+ Ke6 Rc6+ Kf5 Rd7 Rxf6 Rxf6+ Kxf6 Rxa7 Be7 Kf3 h5 Ke4 h6 Ra6+ Kg7 Kxe5 h4 Ra7 hxg3 Rxe7+ Kf8 Re6 gxf2 Rf6+ Kg7 Rxf2 Kg6 Kf4 h5 Kg3 Kg5 Ra2 Kh6 Kh4 Kg6
greenpeace48,1553,C,vanitasmarilyn,2060,CM,507,white,resign,45,French Defense: Exchange Variation,e4 e6 d4 d5 exd5 exd5 Nf3 Nf6 c4 Bf5 Nc3 Nc6 cxd5 Nxd5 Bg5 f6 Bh4 Bb4 Qb3 O-O Bc4 Re8+ Ne5 Bxc3+ bxc3 Be6 O-O g5 Nxc6 bxc6 Bg3 Rb8 Qa4 Nxc3 Bxe6+ Rxe6 Qc4 Ne2+ Kh1 Qd5 Qa6 Nxg3+ fxg3 Re2 Qxe2
gmbeast,1927,A,beniga,2434,IM,507,white,outoftime,81,Sicilian Defense: Morphy Gambit |  Andreaschek Gambit,e4 c5 d4 cxd4 Nf3 e5 c3 dxc3 Nxc3 Nc6 Bc4 Bb4 Ng5 Nh6 O-O Bxc3 bxc3 O-O Qd6 Re8 f4 Qb6+ Kh1 Na5 Qxb6 axb6 Bd5 Nc6 Rb1 Ra6 h3 d6 f5 Bd7 f6 Nd8 Rf3 Bc6 Be3 b5 Bb3 Kh8 Kh2 Bd7 fxg7+ Kxg7 Rbf1 Re7 c4 bxc4 Bxc4 b5 Bd5 Kh8 R1f2 Be8 Rg3 Bd7 Bd2 Be8 Nxh7 Kxh7 Rf6 Ng8 Rf5 Re6 Bxe6 fxe6 Rf8 Bf7 Rxd8 Nf6 Rf3 Kg6 Rg3+ Kh7 Rf3 Kg6 Be3 Kg7 Rb8
gmbeast,1927,A,beniga,2434,IM,507,white,outoftime,81,Sicilian Defense: Morphy Gambit |  Andreaschek Gambit,e4 c5 d4 cxd4 Nf3 e5 c3 dxc3 Nxc3 Nc6 Bc4 Bb4 Ng5 Nh6 O-O Bxc3 bxc3 O-O Qd6 Re8 f4 Qb6+ Kh1 Na5 Qxb6 axb6 Bd5 Nc6 Rb1 Ra6 h3 d6 f5 Bd7 f6 Nd8 Rf3 Bc6 Be3 b5 Bb3 Kh8 Kh2 Bd7 fxg7+ Kxg7 Rbf1 Re7 c4 bxc4 Bxc4 b5 Bd5 Kh8 R1f2 Be8 Rg3 Bd7 Bd2 Be8 Nxh7 Kxh7 Rf6 Ng8 Rf5 Re6 Bxe6 fxe6 Rf8 Bf7 Rxd8 Nf6 Rf3 Kg6 Rg3+ Kh7 Rf3 Kg6 Be3 Kg7 Rb8
siakhatar_gh,1321,D,shahrooz888,1826,A,505,white,mate,83,Queen's Pawn Game: Chigorin Variation,Nc3 d5 d4 Nf6 Nf3 Bf5 Bf4 e6 Qd2 Bb4 Bg5 h6 Bxf6 Qxf6 Ne5 O-O g4 Be4 f3 Bh7 a3 Bd6 Bg2 Bxe5 dxe5 Qxe5 f4 Qd6 e4 d4 e5 Qb6 Na4 Qa6 Qb4 Nc6 Bxc6 bxc6 Nc5 Qc8 Qxd4 Rd8 Qb4 Rd5 O-O Bxc2 Rfc1 Bd3 Rd1 Be2 Rxd5 exd5 Re1 Qxg4+ Kf2 Qf3+ Kg1 Qe3+ Kg2 Bf3+ Kg3 Bh5+ Rxe3 g6 Kf2 g5 fxg5 hxg5 Rh3 Kh7 Rxh5+ Kg6 Rh3 Re8 Nd3 Kf5 Rf3+ Kg6 Qg4 c5 Qf5+ Kh5 Rh3#
aidenleahycrooks,1862,A,carloshrc,1358,D,504,black,resign,34,Queen's Gambit Accepted: Saduleto Variation,d4 d5 c4 dxc4 e4 e6 Nc3 Bb4 a3 Bxc3+ bxc3 b5 a4 c6 axb5 cxb5 d5 Qf6 Bb2 exd5 exd5 Qe5+ Be2 Nf6 d6 Bb7 Nf3 Bxf3 gxf3 O-O Ba3 Re8 Rb1 Qxc3+
ranchowangdu,1500,C,seanysean,2003,CM,503,white,resign,70,English Opening: King's English Variation,c4 e5 d3 h6 Nf3 Nc6 a3 a5 Nc3 Nf6 e3 d6 Be2 Be7 O-O O-O Rb1 Bd7 b4 axb4 axb4 Bg4 b5 Nb8 h3 Bh5 Qc2 c6 bxc6 bxc6 Rd1 Nbd7 d4 exd4 exd4 d5 c5 Qc7 Re1 Rfe8 Nh4 Bxe2 Rxe2 Ne4 Nxe4 Bxh4 Nd6 Reb8 Rxb8+ Rxb8 Qf5 Bf6 Ne8 Qd8 Bxh6 gxh6 Qxd7 Bxd4 Qg4+ Kh7 Qxd4 Qg5 Nf6+ Kg6 Nd7 Qc1+ Kh2 Rb1 Qf6+ Kh7
b2g4gotu,1834,A,paddy1992,1332,D,502,black,outoftime,4,Polish Opening,b4 e6 Bb2 Nf6
oilen1401,1609,B,chesscarl,2109,CM,500,white,resign,107,Semi-Slav Defense,d4 d5 Nf3 Nf6 c4 e6 Nc3 c6 Bg5 h6 Bxf6 Qxf6 e3 Nd7 Bd3 dxc4 Bxc4 g6 O-O Bg7 Rc1 O-O Re1 Rd8 Qc2 Nb6 Ne4 Qe7 a3 Nxc4 Qxc4 e5 Nc5 exd4 exd4 Qd6 Qb3 Qd5 Qxd5 Rxd5 Re8+ Bf8 Rce1 Kg7 Ne4 Ra5 Nc3 f6 Rd8 Kf7 Ree8 Bxa3 bxa3 Rxa3 Nb1 Ra1 Nd2 Ra4 Rxc8 Rxc8 Rxc8 Rb4 Rc7+ Ke6 f3 Kd5 Rd7+ Ke6 Rg7 Kf5 g4+ Kg5 h4+ Kxh4 Rxg6 h5 Rh6 Rxd4 Ne4 Rd5 Rh7 Re5 Kf2 a5 Nxf6 Kg5 Nxh5 Rc5 Rxb7 Rb5 Rxb5+ cxb5 Nc3 b4 Ne4+ Kg6 Nc5 Kf7 f4 Ke7 f5 Kf7 g5 Kf8 g6 a4 Ne6+
wait-wait-go,1264,D,anakgreget,1763,B,499,white,mate,103,Queen's Gambit Accepted,d4 d5 c4 dxc4 Nc3 Nf6 Bf4 b5 Nxb5 Qd5 Nxc7+ Kd8 Nxd5 Nxd5 Bxb8 Rxb8 Nf3 Rxb2 e3 Nb6 Ne5 Ke8 Nxc4 Nxc4 Bxc4 Bf5 O-O e6 Qa4+ Kd8 Qxa7 Be4 Qxf7 g6 Qxe6 Bf5 Qd5+ Ke7 Qe5+ Kd8 Qxh8 Ke7 Qxh7+ Kf6 Rfd1 Bg7 Bd3 Bxd3 Rxd3 Kf7 Rdd1 Rb7 Qh3 Re7 Qc8 Re8 Qb7+ Re7 Qb4 Bf8 Rab1 Rxe3 fxe3 Bxb4 Rxb4 Ke6 a4 Kd5 Rc1 Ke4 a5 Kxe3 a6 Kd2 a7 Kxc1 a8=Q Kc2 Qc6+ Kd2 Qxg6 Ke3 d5 Kd2 Qg5+ Kd3 d6 Kc3 Qf4 Kd3 d7 Kc3 d8=Q Kc2 Qc8+ Kd3 Qfc4+ Ke3 Rb3+ Kd2 Qd7+ Ke1 Qe4#
wait-wait-go,1264,D,anakgreget,1763,B,499,white,mate,103,Queen's Gambit Accepted,d4 d5 c4 dxc4 Nc3 Nf6 Bf4 b5 Nxb5 Qd5 Nxc7+ Kd8 Nxd5 Nxd5 Bxb8 Rxb8 Nf3 Rxb2 e3 Nb6 Ne5 Ke8 Nxc4 Nxc4 Bxc4 Bf5 O-O e6 Qa4+ Kd8 Qxa7 Be4 Qxf7 g6 Qxe6 Bf5 Qd5+ Ke7 Qe5+ Kd8 Qxh8 Ke7 Qxh7+ Kf6 Rfd1 Bg7 Bd3 Bxd3 Rxd3 Kf7 Rdd1 Rb7 Qh3 Re7 Qc8 Re8 Qb7+ Re7 Qb4 Bf8 Rab1 Rxe3 fxe3 Bxb4 Rxb4 Ke6 a4 Kd5 Rc1 Ke4 a5 Kxe3 a6 Kd2 a7 Kxc1 a8=Q Kc2 Qc6+ Kd2 Qxg6 Ke3 d5 Kd2 Qg5+ Kd3 d6 Kc3 Qf4 Kd3 d7 Kc3 d8=Q Kc2 Qc8+ Kd3 Qfc4+ Ke3 Rb3+ Kd2 Qd7+ Ke1 Qe4#
misfox,1175,E,cilentano002,1673,B,498,white,mate,9,King's Pawn Game: Wayward Queen Attack,e4 e5 Qh5 Nc6 Bc4 g6 Qf3 Nd4 Qxf7#
yovictoria,1997,A,check__mate,1500,C,497,black,resign,54,Dutch Defense: Staunton Gambit Accepted,d4 f5 e4 fxe4 f3 e6 Nc3 Bb4 Bd2 exf3 Nxf3 Nc6 Bd3 Nxd4 O-O Bc5 Kh1 Nf6 Bg5 Nc6 Ne4 Be7 Nxf6+ Bxf6 Qd2 Qe7 Rf2 b6 Raf1 Bb7 Bxf6 gxf6 Nh4 f5 Nxf5 exf5 Rxf5 O-O-O Rf7 Qc5 Bf5 Ne5 Rg7 Qb5 Rd1 Rhg8 Rxg8 Rxg8 Bh3 Qxb2 Bxd7+ Nxd7 Qxd7+ Kb8
nojoke,2237,NM,iranmat89,1742,B,495,black,resign,84,Slav Defense: Exchange Variation,d4 c6 c4 d5 cxd5 cxd5 Nf3 Bg4 Ne5 Bh5 Qb3 b6 e4 Nf6 Bb5+ Nbd7 Bg5 a6 Bc6 Rc8 exd5 Rxc6 dxc6 Nxe5 dxe5 Ng4 e6 fxe6 O-O Qd6 Qg3 Qxc6 Rc1 Qd6 Nc3 Qxg3 hxg3 h6 Bd2 Nf6 Ne2 Bxe2 Re1 Bc4 b3 Bd5 Rac1 g6 Rc8+ Kf7 Rec1 Ne4 Be3 b5 Bd4 Bg7 Rxh8 Bxd4 Rh7+ Bg7 Rc7 b4 Rxg7+ Kxg7 Rxe7+ Kf6 Ra7 Nc5 f3 Bb7 Kf2 Ke5 Ke3 Kd5 g4 e5 g3 Kc6 f4 exf4+ gxf4 Kb6 Rxb7+ Kxb7
froztty,1486,C,seanngo53,994,Novices,492,black,mate,68,English Defense #2,d4 b6 d5 Nf6 c4 e5 Nc3 c6 e4 cxd5 cxd5 Nxe4 Nxe4 Bb4+ Nc3 d6 Bd2 Bc5 Bc4 Qf6 b3 Bxf2+ Ke2 Bg4+ Kd3 Bxd1 Rxd1 Bxg1 Rhxg1 O-O Rgf1 Qh4 Rxf7 Kxf7 Bh6 gxh6 Ba6 Nxa6 Ne4 Qxh2 Nxd6+ Ke7 Nc8+ Raxc8 d6+ Kxd6 Rh1 Qxh1 b4 Qxg2 a4 Qa2 b5 Qxa4 bxa6 Qxa6+ Ke3 Rc4 Kd3 Qa2 Ke3 Rc3+ Ke4 Rg8 Kf5 Rf3+ Ke4 Qe2#
amr_alhadek,1718,B,youralterego,2210,NM,492,white,resign,43,Queen's Pawn Game: Chigorin Variation,d4 Nf6 Nc3 d5 Nf3 c5 e3 Nc6 Bb5 e6 O-O Bd6 e4 dxe4 dxc5 Bxc5 Qxd8+ Kxd8 Rd1+ Ke7 Bxc6 bxc6 Ne5 Bb7 Bg5 h6 Rd7+ Ke8 Bxf6 gxf6 Nxe4 Be7 Rxb7 fxe5 Rd1 f5 Rdd7 fxe4 Rxe7+ Kf8 Rxe6 Rd8 h3
thefrenchtactics,1365,D,mesagh_ir,1856,A,491,white,resign,22,Bishop's Opening: Urusov Gambit,e4 e5 Bc4 Nf6 d4 exd4 Nf3 Bb4+ c3 dxc3 O-O cxb2 Bxb2 O-O Ng5 c6 Qc2 h6 e5 hxg5 exf6 g6
lawrenman,1754,B,hpustela,1263,D,491,black,outoftime,36,Horwitz Defense,d4 e6 c4 c5 e3 d5 cxd5 exd5 Nf3 c4 Nc3 Nc6 Be2 g5 a3 f5 O-O g4 Ne5 Bd6 Nxc6 bxc6 f3 g3 hxg3 Bxg3 f4 Qh4 Bh5+ Kd8 Rf3 Qh2+ Kf1 Qh1+ Ke2 Qxg2+
youredeadmeat,1486,C,serik2,1973,A,487,white,mate,51,Queen's Gambit Declined: Modern Variation |  Normal Line,d4 Nf6 c4 e6 Nf3 d5 Bg5 Be7 e3 O-O Nc3 a6 cxd5 Nxd5 Bxe7 Qxe7 Nxd5 exd5 Bd3 Nc6 a3 Bg4 O-O b5 Re1 Qf6 h3 Bh5 Be2 Ne7 Rc1 Rac8 b4 Nf5 Ne5 Bxe2 Qxe2 Nd6 Nd7 Qg5 Nxf8 Kxf8 Rc6 Ra8 Rxc7 Nc4 Qf3 f5 Qxd5 Nb6 Qf7#
oceanicharvest,1987,A,bhautik2,1500,C,487,black,outoftime,4,King's Knight Opening: Normal Variation,e4 e5 Nf3 Nc6
oceanicharvest,1987,A,project29,1500,C,487,black,resign,31,Sicilian Defense: Bowdler Attack,e4 c5 Bc4 e6 Nf3 Nc6 Nc3 a6 a3 Nf6 e5 Nd5 Bxd5 exd5 Nxd5 d6 exd6 Qxd6 c4 Ne5 Nxe5 Qxe5+ Ne3 Bd6 Qf3 O-O Qd5 Qe7 O-O Be6 Qxb7
maxi_puan,1540,C,carrotsbecause,2025,CM,485,white,mate,71,Sicilian Defense: Staunton-Cochrane Variation,e4 c5 c4 Nc6 Nf3 d6 a3 Nf6 d3 g6 Bd2 Bg7 b4 O-O b5 Nb8 Nc3 Bg4 Rb1 Nbd7 Be2 Nb6 e5 Bxf3 Bxf3 dxe5 Bg5 e4 dxe4 h6 Bxf6 Bxf6 Nd5 Nxd5 exd5 Qa5+ Kf1 Rfd8 a4 a6 g3 Rd7 Kg2 axb5 axb5 Qc3 Rc1 Qb2 Rc2 Qb3 Qe2 Ra3 Bg4 Rc7 Qe4 Kg7 Re2 Ra2 Rxa2 Qxa2 h4 b6 h5 Bd4 Rf1 Qxc4 hxg6 f6 Qe6 Kxg6 Qg8#
skuppam3,1432,C,surya9415,1916,A,484,white,resign,57,Philidor Defense #3,e4 e5 Nf3 d6 Bc4 Nf6 Ng5 d5 exd5 Nxd5 Qf3 Qxg5 Bxd5 Qf6 Bxb7 Qxf3 Bxf3 c6 O-O Bd6 Nc3 Bb7 Nb5 Ke7 Re1 f6 d4 Nd7 Nxd6 Kxd6 dxe5+ fxe5 Rd1+ Kc7 Bg5 h6 Be7 Rae8 Bd6+ Kb6 a4 a5 b4 Nf6 Bc5+ Kc7 bxa5 Re6 Bb6+ Kc8 Be2 Nd5 Bg4 Re8 Bxe6+ Rxe6 c4
cristoballan,1500,C,burks,1016,E,484,black,outoftime,32,Zukertort Opening: Black Mustang Defense,Nf3 Nc6 g4 Nf6 Nc3 d5 b3 Bxg4 h3 e5 hxg4 Nxg4 Ng1 Qf6 Rh3 Nd4 Bg2 Qd6 Bxd5 c6 Be4 Nf6 Bg2 Qb4 Rb1 Nxc2+ Qxc2 Qc5 Qf5 g6 Qd3 e4
lance5500,2621,GM,danny77,2139,CM,482,black,resign,42,Italian Game: Two Knights Defense |  Polerio Defense |  Suhle Defense,e4 e5 Nf3 Nc6 Bc4 Nf6 Ng5 d5 exd5 Na5 Bb5+ c6 dxc6 bxc6 Be2 h6 Nf3 Bc5 d3 O-O O-O Re8 Nc3 Bf5 Nd2 Rb8 b3 Bd4 Bb2 Nb7 Rb1 Nd6 Bf3 Qa5 a4 Bxc3 Bxc3 Qxc3 Re1 c5 Qe2 Qxc2
iechoic,1686,B,makedeal,2166,CM,480,white,resign,85,Nimzo-Indian Defense: Huebner Variation |  Rubinstein Variation,d4 Nf6 c4 e6 Nc3 Bb4 e3 c5 Ne2 d5 a3 Bxc3+ Nxc3 cxd4 exd4 O-O Bg5 dxc4 Bxc4 Nc6 O-O Qxd4 Qxd4 Nxd4 Rad1 Nc6 Bxf6 gxf6 Ne4 f5 Nd6 Rd8 f4 a6 Rd2 b5 Be2 Ra7 Rc1 Ne7 Bh5 Ng6 Bxg6 hxg6 Rxc8 Rxc8 Nxc8 Rc7 Nb6 Kg7 a4 bxa4 Nxa4 Rc4 b3 Rxf4 Rd6 Rb4 Rb6 Rxb6 Nxb6 Kf6 Nd7+ Ke7 Nb8 e5 Nxa6 e4 Kf2 f4 Nc5 f5 g3 fxg3+ hxg3 Kd6 Nxe4+ fxe4 Ke3 Kc5 Kxe4 Kb4 Ke5 Kxb3 Kf6
bigbigbiigchiken,2278,NM,o-king-o,1800,B,478,black,resign,38,Horwitz Defense,d4 e6 c4 d6 Nc3 c6 Nf3 Nf6 Bg5 Be7 e4 h6 Bxf6 Bxf6 Bd3 c5 d5 Bxc3+ bxc3 e5 O-O O-O Nd2 Re8 f4 f6 fxe5 dxe5 Rb1 Rf8 Rf3 b5 Rxb5 Bg4 Rxc5 Bxf3 Nxf3 Qb6
chesslearningpro,1653,B,enricolord,1176,E,477,black,resign,54,English Opening: The Whale,c4 e5 e4 Nf6 d3 g6 Bg5 Bg7 Nc3 O-O Nd5 c6 Nxf6+ Bxf6 Bxf6 Qxf6 Nf3 d6 Be2 b5 cxb5 cxb5 d4 Ba6 dxe5 dxe5 O-O Rd8 Qc2 Rc8 Qb3 Nc6 Bxb5 Rab8 Qa4 Bxb5 Qd1 Bxf1 Qxf1 Rb3 a3 Rxb2 Rb1 Rcb8 Rxb2 Rxb2 Qe2 Rb1+ Ne1 Nd4 Qe3 Nc2 Qc3 Rxe1+
aidenleahycrooks,1862,A,costinhas,1387,D,475,black,resign,27,Gedult's Opening,f3 e5 Kf2 d5 e3 Nf6 Nc3 d4 exd4 exd4 Nce2 Bc5 d3 Nc6 a3 Be6 b4 Bd6 b5 Ne5 Nxd4 Bc5 Be3 Bxd4 Bxd4 Qxd4+ Ke1
bishopson,1500,C,alberto2,1973,A,473,white,outoftime,41,Torre Attack,d4 Nf6 Nf3 e6 Bg5 d5 Nbd2 c5 e3 cxd4 exd4 Nc6 c3 Bd6 Bd3 O-O Qc2 h6 Bh4 Be7 O-O-O a6 Bxf6 Bxf6 h4 e5 dxe5 Nxe5 Nxe5 Bxe5 g4 Bf4 Kb1 Bxg4 Rdg1 h5 f3 Bxd2 fxg4 Be3 Rg2
enricolord,1176,E,chesslearningpro,1649,B,473,white,resign,14,English Opening: Carls-Bremen System,c4 Nf6 Nc3 e5 g3 Bc5 Bg2 Ng4 e3 Qf6 Qe2 c6 Qxg4 d5
chesslearningpro,1649,B,enricolord,1176,E,473,black,mate,22,English Opening: The Whale,c4 e5 e4 Nf6 d3 g6 Bg5 h6 Bxf6 Qxf6 Nc3 Nc6 Nd5 Bb4+ Ke2 Nd4+ Ke3 Qg5+ f4 exf4+ Kxd4 c5#
abischabi,1500,C,drunkpatzeruk,1973,A,473,white,mate,75,Dutch Defense: Hopton Attack,d4 f5 Bg5 Nf6 Bxf6 exf6 e3 d5 Nf3 Bd6 c4 c6 Nc3 Be6 cxd5 Bxd5 Nxd5 cxd5 Qb3 Qa5+ Nd2 Bb4 Qd1 Nc6 a3 Bd6 Bd3 g6 O-O O-O b4 Qc7 b5 Bxh2+ Kh1 Ne7 Rc1 Qd6 Nf3 Bg3 fxg3 Qxg3 Qe1 Qd6 a4 Rac8 Qa5 Qa3 Rcd1 Rc3 Ra1 Rxd3 Rxa3 Rxa3 Qxa7 Rxe3 Qxb7 Rc8 b6 Rc2 Kg1 f4 a5 Nf5 a6 Ng3 Qxd5+ Kg7 a7 Nxf1 a8=Q Rc1 Qag8+ Kh6 Qf8#
ikop,1028,E,kohyar,1500,C,472,white,resign,61,Nimzowitsch Defense: Franco-Nimzowitsch Variation,e4 e6 Nf3 Nc6 Bb5 a6 Bxc6 bxc6 O-O Qf6 e5 Qd8 d4 d5 Bg5 Bb4 c3 f6 exf6 gxf6 Bh4 h5 cxb4 Nh6 Ne5 Ng4 Nxc6 Rg8 Nxd8 Kxd8 h3 Nh6 Bxf6+ Ke8 Qxh5+ Kd7 Qxh6 Kd6 Re1 Bd7 Nc3 Rxg2+ Kxg2 Rg8+ Kh2 e5 dxe5+ Kc6 Bh4+ Kb7 e6 d4 exd7 dxc3 bxc3 c6 Qh7 Rf8 Red1 c5 d8=Q+
brorael357,1324,D,modestovic,1795,B,471,white,mate,95,King's Knight Opening: Normal Variation,e4 e5 Nf3 Nc6 d3 Bc5 Ng5 Nf6 Be2 O-O Bh5 d6 Nc3 Be6 Nd5 Bxd5 exd5 Ne7 c4 Ng6 O-O a6 Bxg6 fxg6 Qf3 Nh5 Qe4 Qf6 Ne6 Rf7 Bg5 Qf5 h4 Qxe4 dxe4 Nf4 Bxf4 exf4 Ng5 Re7 a3 h6 Ne6 Ba7 b4 c6 c5 cxd5 exd5 dxc5 bxc5 Rf7 d6 Rf5 d7 Bxc5 d8=Q+ Rxd8 Nxd8 b6 Rae1 Kf8 Ne6+ Kf7 Nxc5 Rxc5 Rc1 Ra5 Rc3 Rf5 Rc6 Rb5 f3 a5 a4 Rb4 Rd1 Rxa4 Rd7+ Kg8 Rc8+ Kh7 Rcc7 Ra1+ Kh2 a4 Rxg7+ Kh8 Rh7+ Kg8 Rcg7+ Kf8 Ra7 b5 Rh8#
lance5500,2621,GM,danny77,2150,CM,471,black,outoftime,58,Zukertort Opening: Old Indian Attack,d3 d5 Nf3 Nf6 g3 c5 Bg2 Nc6 O-O e5 c4 d4 e3 Bd6 exd4 cxd4 b4 Nxb4 Nxe5 Bxe5 Re1 Nd7 f4 O-O fxe5 Nc5 Bf1 Bf5 Ba3 Nbxd3 Bxd3 Nxd3 Bxf8 Nxe1 Qxe1 Kxf8 Nd2 b6 Qf2 d3 Rf1 Bg6 h4 Qc7 g4 h6 h5 Bh7 g5 hxg5 h6 gxh6 Qf6 Kg8 Nf3 Bg6 e6 Qg3+
lance5500,2621,GM,danny77,2150,CM,471,black,resign,40,Russian Game: Modern Attack |  Center Variation,e4 e5 Nf3 Nf6 d4 Nxe4 Bd3 d5 Nxe5 Bd6 Qe2 O-O O-O Nf6 Bg5 h6 Bh4 c5 Nc3 c4 Nxd5 cxd3 cxd3 Bxe5 dxe5 Qxd5 exf6 g5 Bg3 Bf5 h4 Bxd3 Qh5 Bxf1 Rxf1 Kh7 hxg5 Qxg5 Qe2 Nc6
rolando6,1921,A,energique,1451,C,470,black,resign,30,Latvian Gambit,e4 e5 Nf3 f5 d3 fxe4 dxe4 Nc6 Bc4 Bc5 Bxg8 Rxg8 Qd5 Rf8 Qxc5 d6 Qc4 Qf6 Bg5 Qg6 Nbd2 h6 Bh4 Bg4 O-O-O Bxf3 Nxf3 Kd7 Qb5 a6
miroslav1948,1982,A,lolmens,1512,C,470,black,resign,52,Sicilian Defense: Smith-Morra Gambit,e4 c5 d4 cxd4 c3 dxc3 Nxc3 e6 Nf3 Nc6 Bc4 Nf6 e5 d5 Bb3 Ng4 Bf4 d4 Ne4 Bb4+ Ned2 f6 exf6 Qxf6 Bg5 Qf5 Bc2 d3 Ba4 b5 Bb3 O-O O-O Bb7 h3 Nge5 Nxe5 Nxe5 f4 Nf7 Nf3 Rae8 Nh4 Qe4 Re1 Qd4+ Kh1 Nxg5 fxg5 Qxh4 Rxe6 Qxh3+
klip98,2170,CM,ghix,1701,B,469,black,resign,36,Trompowsky Attack,d4 Nf6 Bg5 Nd5 e4 h6 exd5 hxg5 Nf3 g4 Ne5 d6 Nxg4 Qd7 Ne3 a6 c4 c6 Nc3 Qc7 Bd3 cxd5 Nexd5 Qc6 Qe2 e6 Nf4 Rh4 g3 Qxh1+ Kd2 Qxa1 gxh4 Qxb2+ Bc2 Nc6
blacktundro,2180,CM,mrphaseolusvulgaris,1712,B,468,black,resign,58,Sicilian Defense: McDonnell Attack,e4 c5 f4 d6 Nf3 Nc6 Nc3 e6 Bb5 Be7 Bxc6+ bxc6 d4 cxd4 Nxd4 c5 Nc6 Qc7 Nxe7 Qxe7 Be3 Nf6 Qf3 Bb7 O-O-O O-O g4 Rad8 g5 Nd7 Nb5 Nb6 h4 a6 Nc3 d5 exd5 Nxd5 Nxd5 Bxd5 Rxd5 Rxd5 Re1 Rfd8 Bf2 Rd2 f5 Qd6 Bg3 Qd5 Qh5 Qxa2 Qxf7+ Kxf7 fxe6+ Ke7 Bd6+ R8xd6
irispseudonym,1519,C,oceanicharvest,1987,A,468,white,resign,56,Queen's Pawn Game #2,d4 d5 e3 Bf5 Be2 Nf6 Nf3 Nc6 Nc3 h6 O-O e6 b3 Bd6 a4 O-O e4 Bxe4 Ne1 Ne7 f3 Bh7 Nb5 c5 Nxd6 Qxd6 Be3 Nf5 Bd2 Nxd4 Bb5 Nxb5 axb5 Qb6 Qe2 c4+ Kh1 Qxb5 Bf4 a6 bxc4 Qxc4 Qxc4 dxc4 c3 Nd5 Bd6 Rfd8 Be5 a5 f4 a4 Nf3 b5 Ng5 Bf5
pouyandp,1033,E,luichi,1500,C,467,white,mate,69,King's Pawn Game: Leonardis Variation,e4 e5 d3 d6 c4 Be7 Nf3 Nd7 Be2 Ngf6 Ng5 O-O Nc3 b6 Nd5 Nxd5 cxd5 Bb7 Bh5 Bxg5 Qf3 Qf6 Qg4 Nc5 Bxg5 Nxd3+ Kd2 Qxf2+ Kxd3 Qxb2 Be7 Rfe8 Rhf1 Qa3+ Kd2 Rxe7 Qf5 Rf8 Rf3 Qb2+ Ke3 Qxa1 g4 Qc3+ Ke2 Ba6+ Kf2 Qb2+ Kg3 Qxa2 g5 Be2 Rf2 Qa3+ Kg2 Bxh5 h4 b5 g6 Bxg6 Qg5 Bxe4+ Kf1 Qa1+ Ke2 Qb1 Rg2 Rd7 Qxg7#
cantona85,1659,B,rps_1899,2126,CM,467,white,resign,91,Italian Game: Two Knights Defense |  Polerio Defense |  Suhle Defense,e4 e5 Nf3 Nc6 Bc4 Nf6 Ng5 d5 exd5 Na5 Bb5+ c6 dxc6 bxc6 Be2 h6 Nf3 e4 Ne5 Qd4 f4 Bc5 Rf1 Qd8 c3 Bd6 Qa4 O-O Na3 c5 Nb5 Be7 Kf2 Qb6 Kg1 Rd8 Na3 Bd7 Nxd7 Rxd7 Kh1 Rad8 Rb1 Bd6 Nc2 Nc6 Ne3 Ne7 g3 Rb7 Nc4 Qc6 Qxc6 Nxc6 a3 a5 Bd1 g6 Bc2 Re7 Ba4 Rc7 Re1 h5 Kg2 h4 Bxc6 Rxc6 Nxa5 Rb6 Nc4 Rb3 a4 Bc7 a5 Ra8 Ra1 Ra6 Re3 hxg3 hxg3 Kg7 d3 exd3 Kf3 Rb8 Rxd3 Ne8 Be3 Nd6 Nb6
nikaeradze,1864,A,shadow1031,1398,D,466,black,resign,71,Sicilian Defense: Smith-Morra Gambit #2,e4 c5 d4 cxd4 Qxd4 e6 Nc3 a6 Nf3 Nf6 e5 Nd5 Nxd5 exd5 Bg5 Be7 Bxe7 Qxe7 O-O-O Nc6 Qxd5 O-O h4 Qe6 Qxe6 dxe6 g4 f6 Bc4 b5 Bb3 a5 Rd6 Nxe5 Nxe5 fxe5 Bxe6+ Bxe6 Rxe6 Rxf2 Rxe5 b4 g5 a4 h5 h6 gxh6 gxh6 Rg1+ Kh7 Re7+ Kh8 Rg6 Rf1+ Kd2 Rd8+ Ke2 Ra1 Rxh6+ Kg8 Rg6+ Kf8 h6 Kxe7 h7 Kf7 Rh6 Kg7 Rh2 Rxa2 h8=Q+
prantale,990,Novices,dhernandez101,1452,C,462,white,resign,147,Four Knights Game: Gunsberg Variation,e4 e5 Nf3 Nc6 a3 Nf6 Nc3 Bc5 Qe2 d5 Qb5 dxe4 Qxc5 exf3 gxf3 Nd4 Qxe5+ Ne6 d3 O-O Bf4 Re8 O-O-O g5 Bg3 g4 Bh4 Nd7 Bxd8 Nxe5 Be2 Rxd8 Rhg1 Nd4 Rde1 h5 fxg4 hxg4 Bxg4 Bxg4 Rxe5 Nf3 Rxg4+ Kf8 Rf5 Nxh2 Rgf4 Rd7 Rh5 Nf1 Rh8+ Ke7 Rxa8 Rd6 Rxa7 Re6 Rxb7 Re1+ Nd1 Kd7 Rd4+ Kc6 Rdb4 f5 Ra7 f4 Ra6+ Kc5 Rc4+ Kb5 Raa4 c5 Ra7 Kb6 Rf7 Ne3 Rf6+ Kb7 Rf7+ Kc6 Rf6+ Kd5 b4 Rxd1+ Kb2 Nxc4+ dxc4+ Kxc4 bxc5 Kxc5 Rxf4 Rd2 f3 Kc6 a4 Kb6 Rf6+ Ka5 Rf5+ Kxa4 f4 Rd4 c3 Rd2+ Kc1 Rh2 c4 Kb3 c5 Rc2+ Kd1 Kb2 Ke1 Rc1+ Kf2 Rc2+ Kf1 Kb3 Rd5 Kc4 Rd6 Kxc5 Rf6 Kd5 Rf7 Rc3 f5 Rf3+ Kg2 Ke4 f6 Kf4 Rf8 Rg3+ Kf2 Rd3 f7 Rd2+ Ke1 Ke3 Re8+ Kd3 f8=Q Kc2 Qf5+ Rd3 Rc8+
yungceasar,1500,C,lkasperbauer,1038,E,462,black,mate,124,King's Pawn Game: Leonardis Variation,e4 e5 d3 Bc5 Nf3 Qf6 Nxe5 Qxe5 Be2 Qf6 O-O Bd6 f3 Qe5 f4 Qh5 Bxh5 Nf6 f5 Nxh5 Qxh5 g6 Qe2 gxf5 exf5+ Be7 f6 Nc6 Qe3 d5 d4 Be6 Qf3 Bxf6 Qxf6 Nd8 Qxf7+ Nxf7 Re1 Ng5 Bxg5 Rg8 Bf4 Ke7 Rxe6+ Kxe6 Bxc7 Rac8 Bf4 Rgf8 Bd2 Rxc2 Bg5 Re2 Nc3 Re1+ Rxe1+ Kf5 Nxd5 Kxg5 Re5+ Rf5 Rxf5+ Kxf5 Ne3+ Ke4 Nc2 Kd3 Nb4+ Kxd4 Nc2+ Kd3 Ne1+ Kd2 Nf3+ Ke3 Nh4 b5 g4 Kf4 g5 Kxg5 Nf3+ Kf4 Ne1 a6 h4 a5 b3 a4 Nd3+ Ke4 Nb2 axb3 axb3 b4 h5 Kd4 Nd1 Kd3 Nf2+ Kc2 Ng4 Kxb3 Nf6 h6 Ng4 Kc3 Nxh6 b3 Ng4 b2 Ne3 b1=Q+ Kg2 Qb7+ Kf2 Qf7+ Ke2 Qxh5+ Ke1 Kd3 Nf1 Qe2#
aftandil,1500,C,mizginbae,1961,A,461,white,resign,45,Sicilian Defense: French Variation,e4 c5 Nf3 e6 g3 d5 exd5 exd5 d4 Nf6 Nc3 h6 Bg2 Nc6 O-O Be7 dxc5 Bxc5 Re1+ Be7 Ne5 Be6 Ng6 fxg6 Rxe6 O-O Nxd5 Kh8 Bxh6 gxh6 Nxe7 Nxe7 Qxd8 Raxd8 Rxe7 Rd2 h3 Rxc2 Rxb7 a5 Re1 Ng8 Be4 Rcxf2 Bxg6
eragon123,1039,E,zen3000,1500,C,461,white,resign,95,Nimzo-Larsen Attack: Symmetrical Variation,b3 b6 Bb2 Bb7 Nf3 Nf6 e3 e6 Nh4 g6 Bd3 Bg7 O-O O-O Qf3 Bxf3 Nxf3 Nd5 Bxg7 Kxg7 Nc3 Nxc3 dxc3 Qf6 Rad1 Qxc3 Ng5 Nc6 Rc1 d5 Bb5 Ne5 e4 d4 f4 Qe3+ Kh1 Ng4 Rce1 Nf2+ Kg1 Nd3+ Rxe3 dxe3 cxd3 e2 Re1 Rfd8 Rxe2 a6 Bc6 Rab8 g4 Rxd3 f5 exf5 exf5 gxf5 gxf5 Rbd8 Re7 Rd1+ Kg2 R8d2+ Kf3 Rxa2 Rxf7+ Kh6 Nxh7 Rd3+ Ke4 Rxb3 Bd5 Rb4+ Ke5 Rxh2 Nf8 Rb5 Rh7+ Kg5 Rxh2 c6 f6 Rxd5+ Ke6 Rf5 f7 Rf6+ Ke7 a5 Nh7+ Kg6 Nxf6 a4 f8=Q
mizginbae,1961,A,aftandil,1500,C,461,black,resign,76,Queen's Pawn Game: Symmetrical Variation |  Pseudo-Catalan,d4 d5 Nf3 Nf6 g3 e6 Bg2 Be7 O-O O-O c4 c6 Nbd2 b6 Qc2 Bb7 e4 Na6 a3 c5 e5 Ne4 Rd1 Nxd2 Bxd2 cxd4 cxd5 Bxd5 Be1 Rc8 Qe2 Nc5 Nxd4 Bxg2 Kxg2 Qd5+ Kg1 Qe4 Qxe4 Nxe4 Rac1 Bc5 Nb5 a6 Nc3 Nxc3 Bxc3 Rfd8 b4 Be7 Rxd8+ Bxd8 a4 b5 axb5 axb5 Bd2 Rxc1+ Bxc1 Bb6 Kf1 Bd4 f4 g5 Ke2 gxf4 gxf4 Kg7 Kf3 Bc3 Ba3 Kg6 Ke4 Kh5 f5 Kg4
bischopscup,1239,D,kaji_djagal,1699,B,460,white,outoftime,109,Vienna Game,e4 e5 Nc3 d6 Bc4 Nf6 d3 Nbd7 Nf3 c6 O-O a5 a4 g6 Bg5 Bg7 Qd2 O-O Bh6 Nh5 Bxg7 Kxg7 d4 Nb6 Bb3 Re8 d5 Bg4 Qd3 Nf4 Qe3 Nd7 g3 Nh3+ Kg2 Bxf3+ Qxf3 Ng5 Qe3 Qf6 f4 exf4 Rxf4 Qe5 h4 h6 hxg5 hxg5 Rg4 Qf6 Rf1 Qd8 Rxg5 Rh8 Rg4 Ne5 Rgf4 c5 Qf2 Qd7 Rxf7+ Nxf7 Qxf7+ Qxf7 Rxf7+ Kxf7 Kf3 Raf8 Ne2 Ke7+ Nf4 g5 c4 gxf4 gxf4 Rh3+ Ke2 Rxb3 f5 Rh8 f6+ Kf7 e5 Rh2+ Kd1 Rbxb2 Ke1 Ra2 e6+ Ke8 f7+ Kf8 e7+ Kxf7 e8=Q+ Kg7 Qe7+ Kh6 Qe6+ Kg5 Qg8+ Kf4 Qf7+ Ke4 Qe6+ Kd4 Qg4+ Kc3 Qg3+
ranchowangdu,1500,C,kphs-rapid,1960,A,460,white,resign,59,English Opening: Anglo-Dutch Defense,c4 f5 g3 Nf6 Bg2 e6 Nc3 Bb4 Qc2 Bxc3 bxc3 d5 cxd5 exd5 Ba3 c6 Rb1 b6 d4 Be6 Nf3 Qc8 O-O h6 Ne5 Nbd7 Ng6 Rh7 Ne7 Qc7 Nxf5 c5 dxc5 Nxc5 Nd4 Bg8 Nb5 Qd7 Rfd1 a6 Nd4 Qd6 Nf5 Qe6 c4 Rd8 Bxc5 bxc5 Rb7 Qc8 Nxg7+ Kf8 Qg6 Qxb7 Qxf6+ Qf7 Qxd8+ Kxg7 Bxd5
morochia,1041,E,pooperic,1500,C,459,white,resign,13,Goldsmith Defense,e4 h5 Nf3 g6 Nc3 Nc6 d4 Nxd4 Qxd4 c6 Qxh8 f6 Qxg8
rakesh6,1762,B,lordofking,2220,NM,458,white,mate,133,Sicilian Defense: O'Kelly Variation |  Yerevan System,e4 c5 Nc3 a6 Nf3 b5 a3 Bb7 a4 b4 Na2 Nc6 d4 e6 e5 cxd4 Nxd4 Qb6 Nxc6 Bxc6 c3 b3 Nb4 Bxb4 cxb4 Qxb4+ Bd2 Qe4+ Be3 Qxe5 Qxb3 Nf6 Be2 O-O O-O d5 Qc2 Rac8 Bxa6 Rc7 Bb6 Rcc8 Bxc8 Rxc8 Rac1 Ng4 g3 Qh5 h4 g5 f3 Ne5 Qg2 gxh4 gxh4+ Kh8 Bd4 Rg8 Bxe5+ Qxe5 Qxg8+ Kxg8 Rxc6 Qg3+ Kh1 Qxh4+ Kg2 Qg5+ Kh1 Qh6+ Kg2 Qg7+ Kh1 Qxb2 Rcc1 d4 a5 d3 a6 Qb8 Ra1 Qa8 a7 Kg7 Rg1+ Kf6 Rg8 Qxf3+ Kh2 d2 a8=Q Qxa8 Rgxa8 d1=Q Rxd1 Kg6 Ra7 h6 Rf1 f6 Ra6 Kf7 Re1 e5 Rf1 e4 Raxf6+ Kg7 Re6 h5 Rxe4 Kg6 Re5 Kh6 Rff5 Kg7 Rxh5 Kg6 Rhg5+ Kf6 Ra5 Ke6 Rgb5 Kd6 Ra6+ Kc7 Rh5 Kb7 Rg6 Kc7 Rh7+ Kd8 Rg8#
alxr,1308,D,peterqiu,1765,B,457,white,mate,37,Sicilian Defense: Bowdler Attack,e4 c5 Bc4 d6 Bxf7+ Kxf7 d3 Nf6 h3 d5 e5 Nfd7 f4 Nxe5 fxe5 Qc7 Qf3+ Ke8 Qxd5 e6 Qf3 Qxe5+ Ne2 Nc6 c3 b5 Nd2 b4 Qxc6+ Bd7 Qxa8+ Ke7 Nc4 Qf5 Rf1 Qxd3 Bg5#
nuffsaidm8,1698,B,charafovic,1241,D,457,black,resign,53,Slav Defense: Three Knights Variation,d4 d5 c4 c6 Nc3 Nf6 Nf3 Bf5 Bg5 Nbd7 Qb3 e6 Ne5 Nxe5 dxe5 h6 Bh4 g5 Bxg5 hxg5 exf6 b6 Qa4 Qc7 cxd5 exd5 Nxd5 Qd6 Nb4 Qxb4+ Qxb4 Bxb4+ Kd1 O-O-O+ Kc1 Bd2+ Kd1 Bf4+ Ke1 Bd2+ Kd1 Bc3+ Kc1 Bxf6 e3 Rd7 Ba6+ Kc7 f3 Rhd8 Be2 Rd2 Re1
howchessyt,1163,E,gymhgy,1617,B,454,white,resign,50,Sicilian Defense: Dragon Variation,e4 c5 Nf3 d6 d4 cxd4 Nxd4 Nf6 Nc3 g6 Bg5 Bg7 Bc4 O-O Qe2 Nc6 O-O-O Nxd4 Rxd4 Ng4 e5 Bxe5 Rxg4 Bxg4 Qxg4 Rc8 Bh6 Qa5 Bxf8 Qb4 Qxc8 Bf4+ Kb1 Qc5 Bxe7+ Qxc8 g3 Qxc4 gxf4 Qxf4 Rd1 Qxf2 Rxd6 Qf1+ Rd1 Qg2 Bf6 h5 Rd8+ Kh7
ab2,1666,B,bischopscup,1212,D,454,black,resign,96,Queen's Pawn Game: Chigorin Variation,Nc3 Nf6 d4 d5 Bf4 e6 a3 Bd6 Bxd6 Qxd6 e3 O-O Nf3 c6 Bd3 Nbd7 O-O c5 Nb5 Qb6 Re1 a6 dxc5 Nxc5 Nc3 Nxd3 Qxd3 Qxb2 Reb1 Qxc3 Qxc3 b5 h3 Bb7 Qc7 Rfb8 Nd4 Ne8 Qg3 Nf6 Re1 Ne4 Qf4 Rf8 Qc7 Rab8 Kh2 Rfc8 Qf4 Rf8 f3 Nf6 e4 Rbd8 exd5 Bxd5 a4 b4 a5 Nh5 Qg5 g6 g4 Ng7 Ra4 f6 Qe3 e5 Nb3 Bxb3 cxb3 Rd4 f4 Ne6 fxe5 fxe5 Kh1 Nf4 Qxe5 Rd5 Qe7 Nxh3 Rxb4 Nf2+ Kg2 Nxg4 Qe6+ Kg7 Qxd5 Nf6 Qd7+ Kh6 Rh1+ Kg5 Qd5+ Nxd5
arganon,1714,B,davidc87,1260,D,454,black,outoftime,20,Italian Game: Two Knights Defense |  Fritz Variation,e4 e5 Nf3 Nc6 Bc4 Nf6 Ng5 d5 exd5 Nd4 d6 Be6 Nxe6 Nxe6 dxc7 Qxc7 Bxe6 fxe6 O-O Bd6
luigilavaccara,1314,D,dimak8,860,Novices,454,black,resign,85,Queen's Pawn Game: Mason Attack,d4 d5 Bf4 c6 Nf3 Bg4 Nbd2 Bxf3 Nxf3 Na6 c3 e6 e3 Be7 Bd3 Nf6 O-O O-O Ne5 Qd6 Ng4 Qd7 Nxf6+ Bxf6 Qh5 g6 Qg4 h5 Qd1 Rad8 Bh6 Bg7 Bg5 Rc8 g3 f6 Bf4 g5 Bxg5 fxg5 Qxh5 Rf6 Qh7+ Kf8 a3 Qd6 b4 Rd8 Qh5 Rh6 Qxg5 Bf6 Qxh6+ Bg7 Qh4 Re8 e4 Nxb4 e5 Bxe5 dxe5 Qxe5 Bg6 Rc8 Rae1 Qxc3 Rxe6 Nc2 Rf6+ Kg8 Bf7+ Kf8 Qh8+ Ke7 Re1+ Kd7 Be6+ Kc7 Bxc8 Qxe1+ Kg2 Ne3+ Kh3 Qf1+ Kh4
frankp,1833,A,roman_pham,1380,D,453,black,outoftime,18,Four Knights Game: Scotch Variation Accepted,e4 e5 Nf3 Nf6 Nc3 Nc6 d4 exd4 Nxd4 Bb4 Nxc6 bxc6 Bd3 d5 exd5 cxd5 O-O O-O
mortu,1047,E,gimchess,1500,C,453,white,resign,3,Sicilian Defense: Closed Variation,e4 c5 Nc3
rileyjanquart,1357,D,pjrcastro,904,Novices,453,black,resign,47,French Defense: Normal Variation,d4 e6 e4 Ne7 e5 Nbc6 c4 g6 d5 Nxe5 b3 a6 Bb2 Bg7 Nf3 f6 Bxe5 fxe5 Bd3 b5 Nc3 Bb7 O-O exd5 cxd5 Nxd5 Nxd5 Bxd5 Bc2 c6 Re1 e4 Bxe4 Bxa1 Bxd5+ Kf8 Be4 Qa5 Qd6+ Kf7 Bxg6+ hxg6 Qe7+ Kg8 Qxd7 Rf8 Ne5
youralterego,2279,NM,geka77ua,1826,A,453,black,resign,52,English Opening: Anglo-Dutch Defense,c4 f5 Nc3 Nf6 d3 e5 e4 Bb4 exf5 O-O g4 d5 cxd5 Nxd5 Qb3 Kh8 Bd2 Bxc3 bxc3 g6 Bg2 c6 fxg6 Qf6 f3 Bxg4 O-O-O Be6 Bh3 b5 Bxe6 Qxe6 Nh3 Nd7 Ng5 Qg8 Nf7+ Kg7 Bh6+ Kf6 Bxf8 Qxf8 c4 bxc4 dxc4 Nc5 Qc3 Nxc3 Rd6+ Ne6 f4 Ne2+
thefrenchtactics,1365,D,sunlitvoid,1817,A,452,white,mate,37,French Defense: Winawer Variation |  Fingerslip Variation,e4 e6 d4 d5 Nc3 Bb4 Bd2 Bxc3 Bxc3 dxe4 Bc4 Nf6 f3 O-O fxe4 Nxe4 Nf3 Nxc3 bxc3 Nc6 O-O Re8 Rb1 e5 h4 Bg4 Qd2 e4 Ng5 Be6 Bxe6 fxe6 Qf4 Rf8 Qxe4 Qd5 Qxh7#
maiden07,1599,C,jusch,2051,CM,452,white,resign,48,French Defense: Exchange Variation,e4 e6 d4 d5 exd5 exd5 Nf3 Nf6 Nc3 c6 Be2 Be7 O-O O-O Bg5 h6 Bh4 Re8 h3 Nbd7 Re1 Nf8 Ne5 Bf5 Bd3 Bxd3 Qxd3 N6d7 Bxe7 Rxe7 Re2 Qc7 Rae1 Rae8 Nxd7 Qxd7 Re3 Ng6 Rxe7 Rxe7 Rxe7 Qxe7 Qe3 Qd6 a3 b5 Ne2 a5
gezim,1698,B,nash300,1247,D,451,black,mate,108,King's Pawn Game: Napoleon Attack,e4 e5 Qf3 Nf6 c4 c6 b3 d5 exd5 cxd5 Bb2 e4 Qe3 Qb6 Qxb6 axb6 cxd5 Nxd5 Bb5+ Bd7 Bxd7+ Nxd7 f3 exf3 Nxf3 Nc5 Bd4 Bd6 O-O O-O Nc3 Nf4 Bxc5 bxc5 Nb5 Be7 g3 Bf6 Rac1 Nd3 Rc3 Bxc3 Nxc3 Rfe8 a4 h6 Rd1 Re2 Nb5 Nb2 Rb1 Nd3 Nd6 b6 Nf5 Rae8 Nd6 R8e6 Nc4 Ne1 Nh4 R6e4 Ne3 Rxd2 Rxe1 Rd3 Nhg2 Rxb3 Kf2 Rxa4 Nd5 Ra2+ Kg1 c4 Nge3 b5 Rc1 Ra4 Nf5 b4 Nb6 Ra5 Ne7+ Kf8 Ned5 c3 Nxb4 Rxb4 Nd7+ Ke7 Rxc3 Kxd7 Rd3+ Ke6 Re3+ Kd5 Kg2 Kd4 Re7 Rb2+ Kh3 Rh5+ Kg4 Rbb5 Rd7+ Ke3 Rxf7 Rbg5#
neon12321,1340,D,die_uhr,1790,B,450,white,mate,55,Sicilian Defense: Nyezhmetdinov-Rossolimo Attack,e4 c5 Nf3 Nc6 Bb5 a6 Bxc6 bxc6 O-O g6 d4 cxd4 Qxd4 Nf6 e5 Nd5 e6 f6 Rd1 dxe6 c4 e5 Qh4 Bg7 cxd5 cxd5 Bh6 O-O Nc3 d4 Ne4 Bb7 Nc5 Bxf3 gxf3 Qd6 Ne4 Qb4 Bxg7 Kxg7 b3 Rfc8 f4 d3 f3 exf4 Rxd3 f5 Rd7 fxe4 Rxe7+ Kf8 Qf6+ Kg8 Qg7#
x-karpov,1321,D,lawrenman,1771,B,450,white,mate,73,French Defense: Two Knights Variation,e4 e6 Nf3 d5 Nc3 dxe4 Nxe4 Nd7 d3 Ngf6 Bg5 Be7 Nc3 O-O Qe2 b6 a3 Bb7 Nd4 c5 Ndb5 a6 d4 axb5 Qxb5 Ba6 Qc6 Rc8 Qa4 Bxf1 Rxf1 Qc7 Nb5 Qxh2 g3 Qh5 Bf4 Nd5 Na7 Nxf4 gxf4 Rcd8 Nc6 Rde8 Qa7 Qd5 Ne5 Nxe5 fxe5 Qxd4 Qxb6 Qxe5+ Kd1 Qxb2 Qxb2 Rd8+ Kc1 Bf6 c3 Rb8 Qd2 Rfd8 Qe3 Rb3 Kc2 Rdb8 Qxc5 Bxc3 Rab1 Rxb1 Rxb1 Rxb1 Qc8#
viswannabe,1162,E,josejuancaselli,1610,B,448,white,resign,54,Four Knights Game: Italian Variation,e4 e5 Nf3 Nf6 Nc3 Nc6 Bc4 Be7 Ng5 O-O Nxf7 Rxf7 Bxf7+ Kxf7 O-O Bb4 d3 Kg8 a3 Be7 b4 a6 Bb2 d6 Nd5 Qf8 Nxc7 Nb8 Nxa8 Bd8 d4 Nbd7 dxe5 dxe5 a4 Nb6 Nxb6 Bxb6 Bxe5 Nxe4 Re1 Bxf2+ Kf1 Bg3+ Kg1 Bxe1 Qxe1 Qxb4 Qxb4 Nd2 Qxd2 Bh3 Qd8+ Kf7
flafel26,1589,C,vulcanforge,1141,E,448,black,mate,40,Scandinavian Defense: Mieses-Kotroc Variation,e4 d5 exd5 Qxd5 Nc3 Qe6+ Qe2 Qxe2+ Bxe2 e5 Nf3 Bd6 O-O Bf5 Bd3 Bxd3 cxd3 Nc6 Re1 O-O-O b3 Nf6 Bb2 Nd4 Nxd4 exd4 Ne4 Nxe4 dxe4 d3 Re3 Bf4 Rf3 Bxd2 Bxg7 Rhe8 Rd1 Rxe4 Rxd2 Re1#
vanitasmarilyn,2060,CM,aev,1614,B,446,black,resign,104,Sicilian Defense: French Variation,e4 c5 Nf3 e6 Bc4 Ne7 c3 g6 d4 cxd4 cxd4 Bg7 e5 d6 Bf4 dxe5 Bxe5 Bxe5 Nxe5 Nf5 d5 Na6 dxe6 Qxd1+ Kxd1 Bxe6 Bxe6 fxe6 Nc3 O-O Ke2 Nc5 Rad1 Rfd8 Rxd8+ Rxd8 Rd1 Rxd1 Nxd1 Nd4+ Ke3 Nc2+ Kd2 Nb4 a3 Nd5 Ne3 Nb3+ Ke1 Nc1 Nxd5 exd5 Kd2 Nb3+ Kc3 Nc5 Kd4 Na4 b3 Nb6 Kc5 Kf8 Nd3 Ke7 Nb4 Ke6 Kd4 a5 Nd3 g5 g4 h6 h3 a4 bxa4 Nxa4 Nc5+ Nxc5 Kxc5 Ke5 Kb4 Kd4 Kb3 Kd3 Kb2 Kd2 Kb1 d4 a4 d3 h4 gxh4 f4 Ke1 f5 d2 Kb2 d1=Q f6 Qd4+ Kb3 Qxf6 Kb4 h3
aidenleahycrooks,1862,A,melvet,1416,C,446,black,outoftime,18,Pirc Defense #2,e4 d6 d4 Nf6 Nc3 a6 Bc4 b5 Bb3 e6 d5 c5 a3 c4 Ba2 exd5 exd5 Ng4
tedcarter,911,Novices,theanonymousone,1356,D,445,white,mate,125,English Opening: Anglo-Lithuanian Variation,c4 Nc6 Nc3 b6 e3 Bb7 a3 e6 d4 d5 c5 bxc5 dxc5 Bxc5 Bd2 Nf6 Bd3 O-O Qc2 g6 b4 Bb6 Nf3 d4 exd4 Nxd4 Nxd4 Bxd4 Bh6 Re8 O-O Qd7 Rfe1 Qd6 g3 Qc6 Ne4 Qxc2 Bxc2 Nxe4 Bxe4 Bxe4 Rxe4 f5 Rxd4 Rad8 Rxd8 Rxd8 Bg5 Rd3 a4 Rb3 b5 Rb4 Bf4 Rc4 a5 Rc5 b6 cxb6 a6 Ra5 Rxa5 bxa5 Bb8 Kf8 Bxa7 a4 Bc5+ Ke8 a7 Kd7 a8=Q Kc7 Qxa4 Kb7 Qb4+ Kc6 Be3 e5 Qc3+ Kd5 Qa5+ Ke4 Qa8+ Kd3 Qc8 e4 Qa6+ Kc3 Qf6+ Kd3 Qg7 Ke2 Qxh7 Kf3 Qxg6 Ke2 Qxf5 Kd3 Bh6 Kd4 g4 Kd3 g5 Ke2 g6 e3 fxe3 Ke1 g7 Ke2 g8=R Ke1 Qf2+ Kd1 Rd8+ Kc1 Qf1+ Kc2 Qc4+ Kb2 Rb8+ Ka3 Qa6#
teosimeon,1664,B,stergioos,2107,CM,443,white,resign,31,Queen's Gambit Declined: Charousek (Petrosian) Variation,d4 d5 c4 e6 Nc3 Be7 Nf3 Nf6 Bg5 c6 e3 Nbd7 Bd3 dxc4 Bxc4 a6 O-O b5 Bb3 O-O Bc2 h6 Bh4 c5 Re1 Bb7 Ne5 Nxe5 dxe5 Qxd1 Raxd1
enricolord,1176,E,chesslearningpro,1615,B,439,white,mate,113,Queen's Gambit Accepted: Central Variation |  Greco Variation,d4 d5 c4 dxc4 e4 b5 Nc3 e6 Nf3 Bb4 Bd2 Bxc3 bxc3 Nc6 Bg5 Nge7 Rb1 a6 Be2 f6 Bh4 O-O O-O Qe8 e5 fxe5 dxe5 Ng6 Bg3 Qf7 Ng5 Qf5 Bg4 Qxg5 f4 Qe7 Qf3 Qc5+ Rf2 Bb7 Qe2 Rab8 Bxe6+ Kh8 f5 Ngxe5 Rd1 Ng4 Qxg4 Rbd8 Rxd8 Rxd8 f6 Rd1+ Qxd1 gxf6 Bxc7 b4 cxb4 Nxb4 Bd6 Qb6 Bxb4 Qxe6 Qd8+ Qg8 Qxf6+ Qg7 Qf8+ Qxf8 Rxf8+ Kg7 Rf4 Bd5 Rd4 Be6 Bc3 Kg6 Re4 Kf5 Re2 h5 Rf2+ Ke4 Rf8 Kd5 Rh8 Kc5 Rxh5+ Kd6 Rh6 Kd5 Bh8 a5 h4 a4 h5 Kc5 Rxe6 Kb4 h6 c3 Rc6 Ka3 Bxc3 Kxa2 h7 a3 h8=Q Kb1 Qd4 a2 Qd1#
aaa_1,1384,D,alexmalando,1821,A,437,white,outoftime,103,Hungarian Opening,g3 e5 d3 d5 Bg2 Nc6 e4 d4 Nf3 h6 O-O Nf6 c3 Bg4 h3 Bh5 g4 Bg6 cxd4 exd4 e5 Nh7 e6 fxe6 Qe2 Bf7 Ne5 Nxe5 Qxe5 Qd6 Qb5+ c6 Qxb7 Rb8 Qxa7 Be7 Qa6 O-O Bxc6 e5 Na3 Rb6 Qxb6 Bd5 Nc4 Qxc6 Qxc6 Bxc6 Nxe5 Bb5 a4 Ba6 Ng6 Rf7 Re1 Bf8 Rd1 Bd6 b3 Rf6 Nh4 Nf8 Ba3 Bf4 b4 Bb7 a5 g5 Nf5 Ng6 Bc1 Bf3 a6 Bxd1 a7 Bf3 Bxf4 Nxf4 Ne7+ Kf7 Nc8 Ba8 b5 Nxh3+ Kh2 Nxf2 b6 Nxg4+ Kg3 Rxb6 Nxb6 Bb7 Nd7 Ne5 Nxe5+ Ke6 a8=Q Bxa8 Rxa8 Kxe5 Ra5+ Kf6 Kf3
snoopyfan,1815,A,dawei,1378,D,437,black,resign,22,English Opening: Anglo-Scandinavian Defense,c4 d5 cxd5 Qxd5 Nc3 Qe6 Nf3 Bd7 e4 Nc6 d3 O-O-O Nb5 a6 Qa4 Kb8 Nbd4 Nxd4 Nxd4 Qb6 Rb1 Bxa4
shokoshokao,1235,D,gameboymaster49899,1669,B,434,white,mate,25,Italian Game: Two Knights Defense,e4 e5 Nf3 Nc6 Bc4 Nf6 Qe2 Bc5 b4 Bxb4 c3 Bc5 Na3 d5 exd5 Nxd5 Nxe5 O-O d4 Nxc3 Qh5 Qxd4 Bxf7+ Kh8 Ng6#
zazz4,2026,CM,futurjohnnix,1593,C,433,black,resign,35,Ruy Lopez: Morphy Defense #2,e4 e5 Nf3 Nc6 Bb5 a6 Ba4 b5 Bb3 Nf6 O-O d6 Ng5 d5 exd5 Nd4 c4 Bg4 f3 Bd7 Re1 Bd6 f4 Bg4 Nf3 e4 Nc3 Bc5 Nxe4 Nxf3+ Kh1 Nxe1 Nxc5 Bxd1 Bxd1
nullbyte,1677,B,legendaryherojuice,1245,D,432,black,mate,88,Elephant Gambit: Maroczy Gambit,e4 e5 Nf3 d5 exd5 Bd6 Nc3 Nf6 d4 e4 Nxe4 Nxe4 Qe2 Bf5 Ng5 O-O Nxe4 Qe7 Nxd6 Qxd6 c3 Nd7 g3 Rae8 Be3 Qxd5 Rg1 Re4 Bg2 Bg4 Bxe4 Qxe4 Qd2 Re8 Rf1 Nb6 h3 Nc4 Qc1 Nxe3 fxe3 Bxh3 Rf4 Qh1+ Ke2 Qg2+ Kd3 Qxg3 Qe1 Bf1+ Kc2 Qg6+ Kb3 Qb6+ Kc2 Qg6+ Kd2 Qd3+ Kc1 Rxe3 Qxf1 Re2 Qxe2 Qxe2 Rf5 Qe3+ Kc2 Qe4+ Kb3 Qe6+ Ka3 Qxf5 Re1 g5 Re8+ Kg7 Re7 g4 Rxc7 g3 d5 g2 d6 g1=Q d7 Qd1 d8=N Qa5#
iamheisenberg,2242,NM,ramin741,1811,A,431,black,resign,88,Modern Defense: Standard Defense,e4 d6 d4 g6 Nc3 Bg7 Be3 Nf6 Qd2 O-O f3 Nbd7 Nge2 b6 g4 Bb7 h4 d5 e5 Ne8 h5 c5 Bh6 cxd4 Bxg7 Nxg7 hxg6 dxc3 Qh6 fxg6 e6 Nf6 Nf4 Qd6 O-O-O cxb2+ Kb1 Rfc8 Nxg6 Qxe6 g5 Nf5 Qh4 Nxh4 Nxh4 Nh5 Bd3 d4 Nf5 Bxf3 Rde1 Qd7 Nxe7+ Kg7 Nf5+ Kf8 Rhf1 Bd5 Ng3+ Kg8 Nxh5 Bxa2+ Kxa2 Qa4+ Kxb2 Qb4+ Kc1 Qa3+ Kd2 Qc3+ Kc1 Qxd3 Rf2 a5 Rh1 Qe3+ Rd2 d3 Nf6+ Kf7 Rxh7+ Kg6 Rh6+ Kxg5 Rh2 Rxc2+ Kb1 Qe1+
aboud,1365,D,thebasicgru,1796,B,431,white,resign,39,Caro-Kann Defense: Advance Variation,e4 c6 d4 d5 e5 Bf5 Bd3 Bxd3 cxd3 e6 Ne2 c5 O-O Nc6 dxc5 Bxc5 d4 Bb6 Be3 Nge7 Nd2 Nf5 Nf3 h5 Nc3 Qd7 b4 a6 a4 Nxb4 a5 Bd8 Qb3 Be7 Na4 Nc6 Nb6 Qc7 Nxa8
chesskhovtsev,1668,B,papaso,1237,D,431,black,mate,74,English Opening: Agincourt Defense,c4 e6 Nc3 Bc5 g3 Qf6 e3 d5 d4 Bb4 Qf3 Qxf3 Nxf3 Bxc3+ bxc3 dxc4 Bxc4 Nc6 a4 Na5 Ba2 Bd7 Bb1 Nb3 Bb2 Nxa1 Bxa1 Bxa4 c4 b5 Be4 Rb8 cxb5 Rxb5 Bc6+ Ke7 Bxb5 Bxb5 Kd2 Nf6 Rb1 Bc6 Ne5 Be4 Rb7 Bxb7 Ke2 Ba6+ Kf3 Rb8 e4 Rb3+ Kf4 Bb7 d5 exd5 exd5 Rb4+ Kf5 Nxd5 g4 Rb1 Bd4 Rh1 Bc5+ Ke8 f4 f6 Nf3 Rf1 Nd4 Re1 Ne6 g6#
efeozbakir1,1179,E,lulaidon,1610,B,431,white,resign,81,Queen's Pawn Game: Anti-Torre,d4 d5 Nf3 Bg4 Nc3 Bxf3 exf3 Nf6 Be2 Nc6 O-O e6 Bg5 Be7 Bb5 Qd6 Bxf6 Bxf6 Qe2 Bxd4 Rad1 Bxc3 bxc3 O-O Rd2 a6 Rfd1 axb5 f4 Qxf4 Qf3 Qxd2 Rxd2 Rxa2 Qd1 Rfa8 Qe1 Ra1 Rd1 R1a2 h3 Rxc2 Rc1 Raa2 Rxc2 Rxc2 Qa1 Kf8 Qa8+ Ke7 Qxb7 Kd6 Qc8 Rxc3 Qf8+ Kd7 Qxf7+ Ne7 Qxg7 Rc6 Qe5 b4 Qb2 Rb6 g4 c5 g5 c4 Qc2 b3 Qxh7 b2 Qb1 c3 g6 c2 Qxc2 b1=Q+ Qxb1 Nxg6 Qxb6
e7018,1500,C,beshoysam1,1072,E,428,black,mate,60,Three Knights Opening,e4 e5 Nc3 Nc6 Nf3 Bc5 Qe2 Nf6 Nd5 O-O d4 Nxd4 Nxd4 Bxd4 Bg5 h6 Bxf6 gxf6 Qf3 c6 Nxf6+ Kg7 Ng4 Qb6 O-O-O d5 Qf6+ Kg8 Nxh6+ Kh7 Qg5 Qxb2+ Kd2 Qc3+ Kc1 Qa3+ Kd2 Rg8 Qh5 Rg7 Bd3 Bc3+ Ke2 Qxa2 exd5+ f5 Bxf5+ Bxf5 Rc1 Qc4+ Kf3 Be4+ Ke3 Qd4+ Ke2 Rxg2 Nf7+ Kg7 Nh8 Rxf2#
rocch26,1559,C,oceanicharvest,1987,A,428,white,resign,54,Queen's Pawn Game: Chigorin Variation,d4 d5 Nf3 Nc6 e3 Bg4 a3 Bxf3 Qxf3 e5 dxe5 Nxe5 Qd1 Nf6 Be2 Be7 O-O O-O b4 Nc4 Nd2 b5 Nxc4 bxc4 Bb2 a6 Bf3 c6 Qe2 Ne4 Rad1 Bf6 Bxf6 Qxf6 Bxe4 dxe4 c3 Qxc3 Rd4 Rfd8 Rxc4 Qxa3 Rxe4 c5 bxc5 Qxc5 Rc4 Qb5 Qc2 g6 h3 a5 Rb1 Rd2
yht,2054,CM,hossein5151,1626,B,428,black,resign,68,Center Game: Normal Variation,e4 e5 d4 exd4 Qxd4 Nc6 Qd1 d6 Nf3 Be6 Nc3 Nf6 Bg5 Be7 Bb5 a6 Ba4 b5 Bb3 Bg4 h3 Bxf3 Qxf3 Nd4 Qg3 c6 O-O b4 Bxf6 Bxf6 e5 bxc3 exf6 Ne2+ Kh1 Nxg3+ fxg3 cxb2 fxg7 Rg8 Bxf7+ Kd7 Rab1 Rb8 Bxg8 Qxg8 Rf8 Rxf8 gxf8=Q Qxf8 Rxb2 Kc7 Rb3 a5 Rf3 Qg8 Ra3 Qd5 Kh2 Qc5 Ra4 d5 g4 d4 Kg3 Kb6 h4 Kb5
ntam,1302,D,realmadrid69,875,Novices,427,black,outoftime,88,King's Pawn Game: Leonardis Variation,e4 e5 d3 Nf6 Nf3 d5 exd5 Qxd5 c4 Qd6 Be3 Be6 Be2 Nc6 O-O O-O-O Nc3 h6 Qd2 Ng4 h3 Nf6 b4 e4 a4 Bxh3 gxh3 Qxb4 Rab1 Qd6 Rb3 Nb4 c5 Qc6 Rxb4 Bxc5 Bxc5 Qxc5 Nb1 exd3 Bxd3 Rd5 Rb5 Qd6 Nc3 Rc5 Rxc5 Qxc5 Ne4 Qf5 Nd6+ cxd6 Bxf5+ Kd8 Qa5+ b6 Qc3 Ne4 h4 Nxc3 Ne5 Ne2+ Kg2 dxe5 Bh3 Nf4+ Kg1 Ne2+ Kg2 Nf4+ Kh2 a6 f3 a5 Kg3 Re8 Rf2 f6 Rd2+ Ke7 Rd7+ Kf8 Rd6 Kg8 Rxb6 Ne2+ Kg4 Rf8
ntam,1302,D,realmadrid69,875,Novices,427,black,outoftime,88,King's Pawn Game: Leonardis Variation,e4 e5 d3 Nf6 Nf3 d5 exd5 Qxd5 c4 Qd6 Be3 Be6 Be2 Nc6 O-O O-O-O Nc3 h6 Qd2 Ng4 h3 Nf6 b4 e4 a4 Bxh3 gxh3 Qxb4 Rab1 Qd6 Rb3 Nb4 c5 Qc6 Rxb4 Bxc5 Bxc5 Qxc5 Nb1 exd3 Bxd3 Rd5 Rb5 Qd6 Nc3 Rc5 Rxc5 Qxc5 Ne4 Qf5 Nd6+ cxd6 Bxf5+ Kd8 Qa5+ b6 Qc3 Ne4 h4 Nxc3 Ne5 Ne2+ Kg2 dxe5 Bh3 Nf4+ Kg1 Ne2+ Kg2 Nf4+ Kh2 a6 f3 a5 Kg3 Re8 Rf2 f6 Rd2+ Ke7 Rd7+ Kf8 Rd6 Kg8 Rxb6 Ne2+ Kg4 Rf8
stitch_13,1238,D,sirius_2016,1665,B,427,white,outoftime,83,Petrov's Defense,e4 e5 Nf3 Nf6 g3 Nxe4 Qe2 d5 Bg2 Nc6 d3 Nd6 Bg5 f6 Bd2 Bg4 Rg1 Bxf3 Bxf3 Nd4 Qd1 e4 Bh5+ g6 Nc3 gxh5 Nxd5 Nf3+ Kf1 Nxh2+ Kg2 Ng4 Rf1 f5 Bg5 Qxg5 Nxc7+ Kd7 Nxa8 Ne5 dxe4 fxe4 Re1 Qf5 f4 Nf7 c4 Rg8 Rc1 Qxf4 Qa4+ b5 Qxa7+ Ke6 Nc7+ Kf6 Qd4+ Qe5 Rf1+ Nf5 Ne8+ Ke6 Qb6+ N7d6 Nc7+ Kf7 Rc3 Rxg3+ Rxg3 Qxg3+ Kh1 h4 Rxf5+ Nxf5 Qg1 Qf3+ Qg2 Ng3+ Kh2 Qg4 Qf2+ Kg7 Qd4+
dhernandez101,1377,D,egyptian_pharaoh_621,1804,A,427,white,mate,23,Italian Game: Anti-Fried Liver Defense,e4 e5 Nf3 Nc6 Bc4 h6 O-O Nf6 Nc3 d6 d4 exd4 Nxd4 Nxd4 Qxd4 Be7 e5 dxe5 Qxe5 O-O Bxh6 Ng4 Qxg7#
rudra007,1469,C,yellow_dragon,1896,A,427,white,resign,33,Caro-Kann Defense: Breyer Variation,e4 c6 d3 d5 Nc3 dxe4 Nxe4 Nf6 Nxf6+ exf6 Nf3 Bg4 Be2 Bd6 O-O O-O Nd4 Bxe2 Nxe2 Qc7 g3 h5 Bf4 Bxf4 Nxf4 h4 Qf3 g5 Nh5 Nd7 gxh4 gxh4 Qg4+
oceanicharvest,1987,A,irispseudonym,1560,C,427,black,resign,31,Petrov's Defense #4,e4 e5 Nf3 Nf6 Nxe5 d6 Nf3 d5 e5 Nfd7 Nc3 Nxe5 Nxe5 Bd6 d4 f6 Nf3 O-O Bd3 Re8+ Be3 Nc6 Nxd5 Be6 Nc3 a6 O-O b5 d5 Bf7 dxc6
kyanh,1536,C,trippinboris,1962,A,426,white,resign,57,Trompowsky Attack,d4 Nf6 Bg5 g6 Bxf6 exf6 e4 Bg7 Nf3 O-O c4 Re8 Bd3 d5 cxd5 Qxd5 O-O Qh5 Nc3 Nc6 Nd5 Bg4 Nxc7 f5 Nxa8 Rxa8 exf5 Bxf5 Bxf5 gxf5 d5 Ne7 d6 Nc6 Qb3 Ne5 Qxb7 Rd8 Nxe5 Bxe5 f4 Bxd6 Qxa7 Rc8 Rac1 Rb8 b3 Kh8 Rc6 Qg6 Rd1 Rg8 g3 Qe6 Qd4+ f6 Rxd6
andrew117,1453,C,yellow_dragon,1878,A,425,white,mate,65,Caro-Kann Defense: Advance Variation,e4 c6 e5 d5 d4 Bf5 f4 h6 Nf3 Bg4 Nbd2 e6 h3 Bxf3 Nxf3 c5 Bb5+ Nc6 O-O Qb6 Bxc6+ bxc6 c3 cxd4 cxd4 c5 Be3 c4 Qa4+ Kd8 b3 Ne7 Rfc1 cxb3 Rab1 b2 Rc2 a5 Rcxb2 Qc6 Qd1 Nf5 Bd2 Be7 Rb6 Qc7 Rb7 Qc8 a4 Bb4 Rxf7 Ke8 Rc1 Qb8 Rcc7 Bxd2 Qxd2 Qb1+ Kh2 Rb8 Qc3 Rb2 Qc6+ Kd8 Qd7#
player123452,1848,A,iamyourfather,2272,NM,424,white,outoftime,43,Nimzo-Indian Defense: Three Knights Variation |  Duchamp Variation,d4 Nf6 c4 e6 Nf3 b6 Nc3 Bb4 Bg5 h6 Bh4 g5 Bg3 Ne4 Qc2 Bb7 e3 d6 Bd3 Bxc3+ bxc3 Nxg3 hxg3 Nd7 Kd2 c5 a4 Qf6 Be2 g4 Nh4 Qxf2 Raf1 Qxg3 Qd1 f5 Rfg1 f4 exf4 Qxf4+ Kc2 Be4+ Bd3
maurixx,1500,C,theboss101,1076,E,424,black,mate,70,Van't Kruijs Opening,e3 e6 Qf3 g6 Bc4 Bh6 d4 Qg5 d5 Nf6 dxe6 dxe6 Nh3 Qg4 Qxf6 Bg5 Qxh8+ Ke7 Qxc8 Qxc4 Qxb7 Qc6 Qb4+ Qd6 Qc4 a5 f4 Bf6 Ng5 a4 Qe4 Qd5 Qb4+ Qd6 Qb7 Qc6 Qc8 Na6 c4 Rxc8 Nc3 Qxc4 Nce4 Nb4 b3 axb3 Ba3 Qc2 Bxb4+ c5 Bxc5+ Kd7 Bd6 Bxa1 Nxf7 Qxa2 Ne5+ Ke8 Nf6+ Kd8 f5 b2 O-O Qb3 Nxh7 Ra8 fxg6 Qxe3+ Rf2 b1=Q#
leatherback,1479,C,thevicentesilva98,1056,E,423,black,mate,44,Philidor Defense #2,e4 e5 Nf3 d6 h3 Nf6 Nc3 c5 Bc4 h6 Nd5 Nxe4 d3 Nxf2 Kxf2 g5 Nh2 Be6 Qh5 Bxd5 Bxd5 Qf6+ Nf3 Nd7 Bxg5 Qf5 Bxb7 Qg6 Qxg6 fxg6 Bxa8 hxg5 Nxg5 Bh6 Ne6 Ke7 Nc7 Rf8+ Kg3 Bf4+ Kg4 Nf6+ Kh4 Rh8#
total_chess,2050,CM,mr_pablo,1627,B,423,black,mate,42,Zukertort Opening: Slav Invitation,Nf3 c6 Nc3 d5 Ng1 Nf6 Nb1 e5 Nc3 Bd6 Nb1 Bf5 Nc3 Nbd7 Nb1 O-O Nf3 e4 Ng1 Qa5 Nc3 d4 Nb1 e3 c3 exd2+ Bxd2 dxc3 Nxc3 Ne4 Nxe4 Qxd2+ Nxd2 Bb4 Nf3 Nc5 a3 Ba5 b4 Rfe8 bxa5 Nd3#
total_chess,2050,CM,mr_pablo,1627,B,423,black,mate,62,Reti Opening,Nf3 d5 Nd4 e5 Nf3 e4 Ng1 Bc5 e3 Bf5 d4 Bd6 c4 dxc4 Nc3 Be6 d5 Bf5 Bxc4 Ne7 Qd4 c5 Qxg7 Rg8 Qh6 Rxg2 Nb5 Be5 Ne2 Bg7 Qh4 Ng6 Qh5 Bg4 Qxh7 Qf6 Nc7+ Kd8 Qg8+ Kxc7 Rf1 Ne7 Qe8 Bd7 d6+ Kxd6 Qd8 Nbc6 Qxa8 Bh3 Qxb7 Rxh2 Nf4 Bxf1 Bxf1 Qh4 Be2 Qxf2+ Kd2 Nd5 Nxd5 Qxe2#
ehsanms,1302,D,busy,1724,B,422,white,resign,87,Van Geet Opening: Napoleon Attack,Nc3 e5 Nf3 Nc6 d4 exd4 Nxd4 Nxd4 Qxd4 Nf6 Bg5 Be7 Rd1 O-O Nd5 Nxd5 Bxe7 Qxe7 Qxd5 c6 Qh5 d5 g3 Re8 Rd4 Qe5 Rh4 Qxh5 Rxh5 Bg4 Rh4 Bf5 g4 Bxc2 Bh3 Re5 f4 Re3 f5 Rae8 Bf1 f6 Rg1 Kf7 g5 d4 Rxh7 d3 gxf6 dxe2 fxg7 exf1=Q+ Kxf1 Bd3+ Kf2 Re2+ Kf3 R8e4 g8=Q+ Kf6 Qg5+ Ke5 Qg3+ Kd4 Qd6+ Kc4 b3+ Kc3 Qc5+ Bc4 Qa5+ Kd4 bxc4 R2e3+ Kg2 Re2+ Kh1 Ke3 Rh3+ Kf2 Qxa7+ R4e3 Rg2+ Kf1 Rxe3 Rxg2 Rg3
thepound,1079,E,biggn,1500,C,421,white,outoftime,113,King's Pawn Game: Busch-Gass Gambit,e4 e5 Nf3 Bc5 Bc4 Nf6 Ng5 Nh5 Nxf7 Qe7 Nxh8 Nf4 Bf7+ Kf8 g3 Ng2+ Kf1 Qg5 Ke2 d6 Kf1 Bh3 Qh5 Qxh5 Bxh5 Kg8 d3 Nf4+ Ke1 Nxh5 Nc3 Nxg3 Rg1 Nh5 Nd5 Kxh8 Nxc7 Bb4+ c3 Ba5 Nxa8 Nf4 f3 Nxd3+ Kd2 Nf2 Ke3 Ng4+ Ke2 Nf6 Be3 Be6 Bxa7 Bc4+ Kd1 Nfd7 Rh1 Nc5 Bxb8 Bd3 Bxd6 Nxe4 Bxe5 Nf2+ Ke1 Nxh1 Rd1 Bc2 Rd8+ Bxd8 Nc7 Bxc7 Bxc7 Ng3 Bxg3 Bd3 a4 Bf5 c4 Be6 c5 Bc4 c6 bxc6 a5 Ba6 b4 Bc4 a6 Bxa6 h4 Bd3 f4 Bf5 h5 Bg4 Bf2 Bf5 Bd4 Bg4 h6 Be6 hxg7+ Kg8 f5 Bxf5 Bf6 Kf7 Be5 Ke6 g8=Q+ Ke7 Qg7+
vinte22ois,1053,E,flashundtibbers,1474,C,421,white,mate,47,Queen's Pawn Game #2,d4 d5 e3 Nc6 c3 Nf6 Ne2 Bf5 Nd2 e6 g3 Bd6 Bg2 O-O b4 a6 Ba3 Qe7 Nf4 Bxf4 exf4 Be4 Bxe4 Nxe4 Nxe4 dxe4 Qb3 Rfd8 b5 axb5 Bxe7 Nxe7 O-O c6 a4 bxa4 Rxa4 Rxa4 Qxa4 Nd5 Ra1 Nxc3 Qa5 Ne2+ Kg2 Nxd4 Qxd8#
vanitasmarilyn,2060,CM,dildil,1639,B,421,black,resign,54,King's Gambit Accepted |  Schallopp Defense,e4 e5 f4 exf4 Nf3 Nf6 Nc3 Bc5 d4 Bb6 Bxf4 d5 exd5 Nxd5 Bc4 Nxf4 O-O O-O Ne5 Bxd4+ Kh1 Bxe5 Qf3 Qf6 Ne4 Qg6 Bd3 Qxg2+ Qxg2 Nxg2 Kxg2 Bxb2 Rab1 Be5 Ng5 f6 Nxh7 Rd8 Rbe1 Nc6 Rxe5 Nxe5 Be4 Rd2+ Kg3 Be6 Rf4 Rd4 Nxf6+ gxf6 Bxb7 Rxf4 Kxf4 Rb8
loaiiii,1047,E,flamemaster51,1466,C,419,white,resign,28,Mieses Opening,d3 d5 e3 c5 c4 d4 e4 e5 g3 Nc6 a3 Nf6 Be2 Be7 Nf3 O-O Bd2 Bh3 Qa4 Bg2 Rg1 Bh3 b4 cxb4 axb4 Qb6 c5 Qc7
oceanicharvest,1987,A,irispseudonym,1568,C,419,black,resign,3,Hungarian Opening: Symmetrical Variation,g3 g6 b3
irispseudonym,1568,C,oceanicharvest,1987,A,419,white,resign,22,Queen's Gambit Accepted: Central Variation |  Greco Variation,d4 d5 c4 dxc4 e4 b5 Nc3 b4 Na4 e5 d5 c6 d6 Bxd6 Bxc4 b3 axb3 Bb4+ Bd2 Bxd2+ Ke2 Bg5
oceanicharvest,1987,A,irispseudonym,1568,C,419,black,resign,27,Petrov's Defense #4,e4 e5 Nf3 Nf6 Nxe5 d6 Nf3 d5 e5 Nfd7 d4 f6 e6 Nb6 a4 a5 Bd3 Bxe6 Qe2 Qd6 Bf5 Qc6 Bxe6 Kd8 Bf5 Be7 O-O
irispseudonym,1568,C,oceanicharvest,1987,A,419,white,resign,94,Old Benoni Defense,d4 c5 e3 c4 c3 b5 b3 d5 bxc4 bxc4 Nf3 Qb6 Na3 e6 Rb1 Qa5 Nc2 Qxa2 Rb4 Bxb4 cxb4 Nf6 Bd2 Ne4 Bc1 O-O Bd3 Nc3 Qd2 Qb1 O-O Qb2 Bxb2 a5 bxa5 Rxa5 Bxc3 Ra2 Bb4 Re8 Ra1 Rxa1+ Nxa1 cxd3 Qxd3 Ba6 Qa3 Rc8 Bd6 Nd7 Qxa6 Rc1+ Qf1 Rxf1+ Kxf1 h6 Nb3 f5 Nc5 Nf6 Nxe6 Kf7 Nd8+ Ke8 Ne6 Kd7 Nxg7 Kxd6 Nxf5+ Ke6 Nxh6 Ne4 Ng5+ Nxg5 f4 Ne4 g4 Kf6 Ng8+ Kg7 Ne7 Nc3 f5 Kf6 h4 Kxe7 h5 Kf6 h6 Kg5 h7 Kh6 h8=Q+ Kg5
trickysuperfreak,1082,E,byugoi,1500,C,418,white,resign,55,Russian Game: Three Knights Game,e4 e5 Nf3 Nf6 Nc3 Bb4 Nxe5 Nxe4 Nxe4 h6 c3 Be7 d4 Nc6 Nxc6 dxc6 Nc5 Bxc5 dxc5 O-O Qxd8 Rxd8 Bf4 g5 Bxc7 Rd7 Bd6 Rxd6 cxd6 Be6 Rd1 c5 d7 Bf5 Bd3 Bg4 Bh7+ Kxh7 d8=Q Rxd8 Rxd8 Be6 Ra8 Bg4 O-O Kg6 Re1 Kf5 Rxa7 Kf4 Rxb7 Kf5 Rxf7+ Kg6 Rc7
giselher,1778,B,mashi,1360,D,418,black,resign,136,Budapest Defense: Adler Variation,d4 Nf6 c4 e5 dxe5 Ng4 Nf3 Bc5 e3 Nc6 Qd5 Bb4+ Bd2 Bxd2+ Nbxd2 Nb4 Bd3 Nxd5 cxd5 O-O h3 Nh6 O-O d6 Rac1 dxe5 Nxe5 Qf6 Nef3 Qxb2 Rxc7 Rd8 Ng5 Rxd5 Bxh7+ Kh8 Rfc1 Rxg5 Rxc8+ Rxc8 Rxc8+ Kxh7 Nf3 Qb1+ Kh2 Ng4+ hxg4 Rg6 Kg3 f5 g5 Qe4 Kh2 Qd3 Ne5 Qd6 f4 Rxg5 fxg5 Qxe5+ g3 Qb2+ Kh3 Kg6 Rg8 Kxg5 Rd8 Qf6 Rd4 f4 exf4+ Kh5 Rd5+ Kg6 Rb5 Qe6+ Kh4 Kh7 Rxb7 Qf6+ Kg4 Qg6+ Kh4 Qf6+ Kg4 Qc3 Rxa7 Qc5 Ra4 Qd5 Ra7 Qd1+ Kh3 Qf1+ Kg4 Qe2+ Kh4 Kg6 Ra5 Qh2+ Kg4 Qe2+ Kh3 Kh6 a4 Qf1+ Kg4 Qd1+ Kh3 g6 Ra7 g5 Ra6+ Kh5 Kg2 gxf4 gxf4 Kg4 Rg6+ Kxf4 Rf6+ Ke5 Rf2 Qxa4 Re2+ Kd4 Rf2 Qc6+ Kf1 Ke3 Re2+ Kf3 Rf2+ Kg3 Rb2 Qc1+
quarkss,1848,A,doraemon61,2264,NM,416,white,resign,125,Scandinavian Defense: Modern Variation #2,e4 d5 exd5 Nf6 Nf3 c6 dxc6 Nxc6 Bb5 e6 O-O Bd6 d4 O-O Bg5 Qb6 c4 Rd8 Bxf6 gxf6 Nc3 Be7 Bxc6 bxc6 Qe2 Kh8 b3 Bb7 Qe3 Rg8 Ne4 Rad8 Rad1 Qa5 Nc5 Qc7 Rfe1 a5 g3 Bd6 Kg2 Bc8 Nd3 Bb7 c5 Be7 Nb2 Ba6 Na4 Rg7 Nb6 Rb8 Nd2 f5 Nf3 Rxb6 cxb6 Qxb6 Rc1 Qb5 Ne5 Bb7 f3 Qd5 Nc4 Ba6 Qe5 Bb4 Red1 Qd8 f4 Bb5 a3 Be7 a4 Bxc4 Rxc4 c5 Rcc1 Bd6 Qe3 Qa8+ Kf2 cxd4 Qxd4 Bf8 Qd7 Qb8 Rc8 Qb4 Rd4 Qa3 Qd8 Rg8 Qf6+ Bg7 Rxg8+ Kxg8 Rd8+ Bf8 Kg2 e5 Qg5+ Kh8 fxe5 Qb4 Qxf5 Kg8 Qg5+ Kh8 Kh3 h5 Qxh5+ Kg7 Qg5+ Kh7 e6 Qe7 Qxe7 Bxe7 Rd7 Bf6 e7 Bxe7 Rxe7
tangelo777,1689,B,tonyhuang19,1273,D,416,black,resign,36,Italian Game: Two Knights Defense |  Polerio Defense |  Bishop Check Line,e4 e5 Nf3 Nc6 Bc4 Nf6 Ng5 d5 exd5 Na5 Bb5+ Bd7 Bxd7+ Qxd7 Qf3 O-O-O O-O Nxd5 Nxf7 e4 Qa3 Bxa3 Nxh8 Bc5 Ng6 hxg6 Nc3 Nxc3 dxc3 Nc4 a4 Nd2 Rd1 Nf3+ gxf3 Qxd1+
neikos,1916,A,ranchowangdu,1500,C,416,black,resign,72,Gruenfeld Defense: Exchange Variation |  Modern Exchange Variation,d4 Nf6 c4 g6 Nc3 d5 cxd5 Nxd5 e4 Nxc3 bxc3 Bg7 Nf3 O-O Bd3 c5 Bg5 Bg4 O-O cxd4 cxd4 Bxd4 Rb1 Qc7 Be2 Bxf3 Bxf3 Rd8 Qb3 Bb6 Rbc1 Qe5 Bh6 Nc6 Rfe1 Nd4 Qd3 Nf5 exf5 Qxe1+ Rxe1 Rxd3 Rxe7 Rad8 h4 R3d7 f6 Rxe7 fxe7 Re8 Bg5 Bc5 Bxb7 Bxe7 Bc6 Rc8 Bb7 Rc7 Bxe7 Rxb7 Bd6 Rb1+ Kh2 Rb2 a3 Rxf2 Bb8 a5 Bc7 a4 Bd6 f5
enricolord,1198,E,chesslearningpro,1613,B,415,white,mate,65,English Opening,c4 d6 g3 e5 e4 Nf6 Bg2 Bg4 Ne2 Qd7 O-O Bh3 Nbc3 c6 d3 Bxg2 Kxg2 Qg4 f3 Qe6 Qb3 Qd7 Bg5 Be7 f4 h6 Bxf6 Bxf6 fxe5 dxe5 Rad1 b6 Rf5 O-O a4 Na6 Qa3 c5 Nd5 Qd6 Nxf6+ gxf6 Nc3 Kh7 Nd5 Rg8 Rxf6 Qf8 Rdf1 Rg7 Qc3 Re8 R1f5 Nb4 Rxe5 Rxe5 Qxe5 Nxd3 Qf5+ Kg8 Rxh6 Ne1+ Kf1 Nc2 Nf6#
hus1972,1258,D,enmerkar,1673,B,415,white,resign,21,French Defense: Knight Variation,e4 e6 Nf3 d5 exd5 exd5 d4 Nc6 Bb5 Bd7 O-O Qf6 c4 O-O-O Bg5 Qg6 Bxd8 Kxd8 cxd5 Nb8 Ne5
sonicsfe,1451,C,manueldereyes,1865,A,414,white,resign,99,Philidor Defense,e4 e5 Nf3 d6 d4 Bg4 Be2 Bxf3 Bxf3 exd4 Qd3 Nc6 O-O Qf6 e5 dxe5 Bxc6+ bxc6 Re1 Bd6 Qa6 Ne7 Qb7 O-O Qb3 Qe6 Qxe6 fxe6 b4 Rf5 a3 Raf8 f3 Nd5 Bb2 c5 c3 cxb4 cxb4 Nf4 Nd2 Nd3 Reb1 Nxb2 Rxb2 Rf4 Ne4 h6 Nxd6 cxd6 Rc1 e4 fxe4 Rxe4 Rd2 d5 Rcd1 Rc8 Rxd4 Rxd4 Rxd4 Rc3 a4 Rc4 Rxc4 dxc4 Kf2 c3 Ke2 Kf7 Kd3 c2 Kxc2 Ke7 Kd3 Kd6 Kd4 e5+ Ke4 g5 g4 Ke6 a5 Kd6 b5 Kc5 b6 axb6 axb6 Kxb6 Kxe5 h5 gxh5 Kc7 Kf6 Kd8 Kf7 g4 h6
sonicsfe,1458,C,dimontus,1044,E,414,black,resign,62,Petrov's Defense,e4 e5 Nf3 Nf6 d3 d6 Bg5 c6 Nc3 Na6 d4 h6 Bh4 g5 Bg3 Bg4 h3 Bxf3 Qxf3 exd4 Ne2 d5 exd5 Nxd5 Nxd4 Bg7 c3 Qe7+ Qe2 O-O-O Qxe7 Nxe7 Bc4 Nc5 O-O b5 Be2 Ne4 Bg4+ Kb7 Bh2 Nd2 Rfd1 Ne4 f3 Nf6 Bf5 Rd5 Bg3 Nxf5 Nxf5 Rxf5 Bd6 Rd8 Be7 Rxd1+ Rxd1 Nd5 Bc5 Nf4 Kh2 Rxc5
jusrule,1279,D,chessknight797,1693,B,414,white,mate,81,Gruenfeld Defense: Russian Variation |  Accelerated Variation,d4 Nf6 c4 g6 Nc3 d5 Qb3 c6 Nf3 dxc4 Qxc4 Bf5 Bf4 b5 Qb3 Be6 Qc2 Bf5 e4 Bg4 Ne5 Bg7 f3 Be6 O-O-O O-O g4 b4 Na4 Bxa2 b3 Na6 Qxa2 Nc7 Nc5 a5 Bc4 Nb5 g5 Nh5 Bd2 Nxd4 Ncd7 Nxf3 Nxf3 Qxd7 Bc3 Qg4 Bxg7 Qf4+ Kb1 Nxg7 Nd2 e5 h4 Rfd8 Rhf1 Qxh4 Rxf7 Kh8 Rdf1 Qxg5 Nf3 Qg4 Qf2 Qxe4+ Ka2 Rf8 Nxe5 Rxf7 Nxf7+ Kg8 Nh6+ Kh8 Nf7+ Kg8 Nh6+ Kh8 Qf8+ Rxf8 Rxf8#
chessknight797,1693,B,jusrule,1279,D,414,black,mate,64,King's Indian Attack,Nf3 Nf6 g3 d5 Bg2 c6 d3 Bf5 O-O g6 Re1 Bg7 Nbd2 O-O e4 dxe4 dxe4 Be6 e5 Nd5 Nb3 Na6 Ng5 Bf5 Bxd5 cxd5 Nd4 Bd7 Bf4 Nc5 Nb3 Ne6 Nxe6 Bxe6 Nd4 Bh3 Nf3 Qb6 Ng5 Bf5 Qxd5 h6 Be3 Qxb2 Rab1 Qxc2 Rbc1 Qa4 Rc4 Qxa2 Nxf7 e6 Nxh6+ Bxh6 Qb5 Bxe3 Rxe3 Bh3 Ra4 Qxf2+ Kh1 Qf1+ Qxf1 Rxf1#
aidenleahycrooks,1862,A,mersoz,1449,C,413,black,mate,66,Semi-Slav Defense: Meran Variation,d4 e6 c4 d5 Nc3 Nf6 e3 c6 Nf3 Nbd7 Bd3 dxc4 Bxc4 b5 Bd3 a6 O-O Bb7 a3 c5 b4 cxb4 axb4 Bxb4 Qb3 Bxc3 Qxc3 Bxf3 gxf3 Nd5 Qc6 Nb4 Qc3 Nxd3 Qxd3 O-O Bd2 Ne5 Qe2 Nc4 Bb4 Re8 Kh1 a5 Bc5 Qf6 Rfb1 Rab8 e4 Rec8 Qd3 e5 dxe5 Nxe5 Qd4 Qxf3+ Kg1 Qg4+ Kf1 Qh3+ Ke2 Rxc5 Qxc5 Qd3+ Ke1 Nf3#
guruvachan,1196,E,mrunank,1609,B,413,white,mate,51,Van't Kruijs Opening,e3 c5 d3 d5 Bd2 e5 Be2 Nc6 f3 Nf6 e4 d4 f4 Bd6 fxe5 Bxe5 Nf3 O-O O-O Qc7 g3 Bxg3 hxg3 Qxg3+ Kh1 Bh3 Rg1 Qd6 Bf1 Ng4 Bxh3 Nf2+ Kg2 Nxd1 Rxd1 a5 Rf1 Nb4 Na3 h6 Rg1 f5 e5 Qd5 Kf2 Nc6 Bxh6 Kh7 Bxg7 Rg8 Bxf5#
bmonteiro,1924,A,m8ryx,1512,C,412,black,resign,14,French Defense: Winawer Variation |  Winckelmann-Riemer Gambit,e4 e6 d4 d5 Nc3 Bb4 a3 Ba5 Qg4 Nc6 Nf3 Nf6 e5 Nxg4
scacchi11235,1002,E,cape217,1412,C,410,white,resign,36,Sicilian Defense: Scheveningen Variation,e4 c5 Nc3 e6 Nf3 d6 d4 cxd4 Nxd4 Nf6 Be3 d5 exd5 Bb4 Bb5+ Nfd7 dxe6 Bxc3+ bxc3 O-O exd7 Nxd7 O-O Nc5 Qf3 a6 Bc4 Na4 Bf4 Nb2 Bb3 Qd7 a4 Qg4 Rfb1 Qxf3
wolf_wick,1145,E,flafel26,1554,C,409,white,mate,31,Nimzowitsch Defense: Kennedy Variation |  Linksspringer Variation,e4 e5 d4 Nc6 d5 Nce7 d6 cxd6 Qxd6 Nd5 Qxe5+ Nde7 Nc3 d6 Qb5+ Nc6 Bd2 Nf6 Nd5 a6 Qc4 Be6 Qb3 Qe7 Qxb7 Nxd5 Qxa8+ Kd7 Bxa6 Nd4 Qc8#
gr3ch,1188,E,locolope,1597,C,409,white,resign,71,French Defense: Advance Variation |  Nimzowitsch System,e4 e6 Nf3 d5 e5 c5 d4 f6 c3 Nc6 Qa4 Bd7 Bb5 a6 Bxc6 Bxc6 Qc2 Be7 exf6 Nxf6 Bg5 h6 Bxf6 Bxf6 Qg6+ Kd7 O-O Kc7 Re1 Be8 Qg3+ Kb6 Rxe6+ Ka7 dxc5 Rc8 Rd6 Qc7 Na3 Qxc5 Rd1 Bc6 Nd4 Rcd8 Nxc6+ bxc6 Rxd8 Rxd8 b4 Qe7 b5 axb5 h3 Bxc3 Qxc3 Kb6 Re1 b4 Qd4+ Qc5 Qxg7 bxa3 Rb1+ Ka5 Qc7+ Ka4 Qxd8 d4 Qa8+ Qa5 Qxc6+
zasada238,1588,C,pink-flower,1996,A,408,white,resign,31,Polish Opening,b4 e5 Bb2 Bxb4 Bxe5 Qe7 Bxg7 Nh6 Bxh8 Nf5 Bb2 Nc6 a3 Ba5 e3 d6 h3 Bd7 Bd3 Nh4 Nf3 Nxg2+ Kf1 Nh4 Nxh4 Qxh4 Qf3 O-O-O Bf6 Rg8 Bxh4
paul91,1798,B,anastasia_333,1390,D,408,black,resign,106,Queen's Gambit Accepted: Old Variation,d4 d5 c4 dxc4 e3 Nf6 Bxc4 a6 Nc3 b5 Bd3 g6 Nf3 Bg7 O-O O-O Re1 Nbd7 e4 c5 d5 c4 Bc2 Nc5 Be3 Na4 Nxa4 bxa4 Bd4 e6 dxe6 Bxe6 Bxa4 Bg4 Bxf6 Qxf6 Re3 Qxb2 Bc6 Rad8 Bd5 c3 Rc1 Bxf3 gxf3 Kh8 Qc2 Qxc2 Rxc2 f5 Rd3 fxe4 fxe4 a5 Rd1 a4 Re1 a3 Bb3 Rd2 e5 Rxc2 Bxc2 Re8 e6 Bf6 Bb3 h5 Kg2 Kg7 Kf3 g5 h3 Kg6 Bc2+ Kh6 Re4 h4 Bb3 Rc8 Re2 Rf8 Ke4 Kh5 Kd5 g4 hxg4+ Kxg4 Kd6 Re8 e7 Bxe7+ Rxe7 Rxe7 Kxe7 h3 Be6+ Kf3 Bd5+ Kxf2 Kd6 h2 Be4 Ke3 Bh1 c2
thebastiano,1191,E,arsenelupin1620,1598,C,407,white,mate,29,King's Pawn Game: Wayward Queen Attack,e4 e5 Qh5 Nc6 Bc4 g6 Qf3 Nf6 Ne2 Bc5 Nec3 Nd4 Qh3 Nxc2+ Kf1 Nxa1 Nd5 Nc2 Qf3 Nd4 Nxf6+ Qxf6 Qxf6 O-O d3 d6 Bh6 Bg4 Qg7#
arda2828,1617,B,the_laminator,2024,CM,407,white,resign,53,Ruy Lopez: Morphy Defense |  Tarrasch Variation,e4 e5 Nf3 Nc6 Nc3 Nf6 Bb5 a6 Ba4 b5 Bb3 Bc5 O-O d6 h3 Be6 d3 O-O Bg5 h6 Bh4 Nd4 Nxd4 Bxd4 Re1 c6 Rb1 Kh7 Qf3 g5 Bg3 a5 a4 b4 Ne2 Bb6 Red1 Bxb3 cxb3 Nd7 d4 f5 dxe5 f4 Bh2 Nxe5 Qh5 f3 Nd4 Bxd4 Rxd4 fxg2 Bxe5
eldiablo5,1907,A,beepbeepimajeep,1500,C,407,black,mate,82,Queen's Gambit Declined: Vienna Variation,d4 Nf6 Nf3 e6 c4 d5 Nc3 dxc4 e4 b5 b3 b4 e5 bxc3 exf6 cxb3 fxg7 Bxg7 axb3 O-O Ba3 Re8 Rc1 Bb7 Bc5 Nd7 Bb5 c6 Be2 Nxc5 dxc5 Qa5 O-O Rad8 Qc2 Qxc5 Bd3 h6 Rfe1 a5 Re4 f5 Rh4 Bc8 g4 Qd5 Ne1 f4 Bh7+ Kh8 Qg6 Qg5 Qxg5 hxg5 Rh5 Bf6 Bg6+ Kg7 Bxe8 Rxe8 Nf3 Kg6 Rh3 Ba6 Ne1 Rd8 Nc2 Rd2 Na3 Bd4 Rf3 Be2 Rfxc3 Bxc3 Rxc3 Rd1+ Kg2 f3+ Kh3 Rg1 Rxc6 Bf1#
wishiwasbetter,2035,CM,hus1972,1629,B,406,black,mate,60,Queen's Pawn Game: London System,Nf3 Nf6 d4 d5 Bf4 e6 c4 dxc4 a4 Nc6 e3 Bb4+ Nc3 Nd5 Qc2 Nxf4 exf4 Nxd4 Nxd4 Qxd4 Rd1 Qxf4 Be2 e5 O-O Bf5 Qd2 Qxd2 Rxd2 Be6 Bf3 c6 Re2 f6 Rd1 Rd8 Ree1 Kf7 Kf1 g6 Ke2 f5 g3 Rd3 Rxd3 cxd3+ Kd2 e4 Bg2 Rd8 f3 Bf8 f4 Bc5 Nd1 Bb3 Kc3 d2 Rf1 Rd3#
gmanderson,1500,C,aroncyruz,1906,A,406,white,mate,27,Ruy Lopez: Berlin Defense |  Fishing Pole Variation,e4 e5 Nf3 Nc6 Bb5 Nf6 O-O Ng4 h3 h5 c3 a6 Bc4 d6 d4 exd4 cxd4 Nf6 Ng5 Nxe4 Bxf7+ Ke7 Qf3 Nxg5 Bxg5+ Kd7 Qf5#
shannonhartman77,1095,E,zen3000,1500,C,405,white,resign,68,Italian Game: Giuoco Pianissimo |  Italian Four Knights Variation,e4 e5 Nf3 Nc6 Bc4 Nf6 Nc3 Bc5 d3 h6 a3 a6 O-O b5 Bd5 Nxd5 exd5 Nd4 Nxe5 O-O Be3 d6 Nc6 Qh4 Nxd4 Bxd4 Bxd4 Qxd4 Qf3 Bb7 Rfe1 Rfe8 Rxe8+ Rxe8 Ne4 Bxd5 c3 Qb6 Re1 Bxe4 Rxe4 Rxe4 Qxe4 Qa5 Qe8+ Kh7 Qxf7 b4 cxb4 Qe5 h3 Qxb2 Qxc7 Qxa3 Qxd6 Qc1+ Kh2 Qc3 Qxa6 Qe5+ Kg1 Qe1+ Kh2 Qe5+ g3 Qe2 Qb6 Qxf2+
fandm-lancaster,1185,E,kitsunesenpaiii2017,1590,C,405,white,resign,41,King's Indian Attack,g3 d5 Nf3 Nc6 Bg2 e5 O-O e4 Nh4 Nf6 Nc3 Be7 b3 O-O Nb5 a6 Nc3 b5 d3 Ng4 dxe4 Bxh4 Nxd5 Bf6 Nxf6+ Nxf6 e5 Qxd1 Rxd1 Nxe5 Bxa8 Bf5 Bf4 Ng6 Bc6 Bxc2 Rd2 Bf5 Bxc7 h6 Rad1
bulldogfan1998,1864,A,benga40,2267,NM,403,white,resign,45,English Opening: Symmetrical Variation |  Mecking Variation,Nf3 Nf6 g3 g6 Bg2 Bg7 O-O c5 c4 Nc6 Nc3 O-O d4 cxd4 Nxd4 Nxd4 Qxd4 d6 Qd3 a6 b3 Rb8 Bb2 Nd7 e4 b5 cxb5 axb5 Qe2 b4 Nd5 Bxb2 Qxb2 e6 Ne3 Qa5 Rfd1 Qe5 Qd2 d5 exd5 Nc5 Rac1 Ne4 f4
mr_nice,1760,B,chicago_chess,1358,D,402,black,mate,22,Italian Game,e4 e5 Nf3 Nc6 Bc4 Bb4 O-O Nd4 Nxe5 Bc5 Nxf7 Qf6 c3 Nf3+ Qxf3 Qh4 d4 Bd6 e5 Bxe5 Nxh8 Qxh2#
isahajizadeh123,1495,C,mburch1974,1896,A,401,white,mate,39,Queen's Gambit Refused: Marshall Defense,d4 d5 c4 Nf6 e3 Nc6 Bd2 e5 Bd3 exd4 exd4 Nxd4 Nf3 Bg4 Be2 Bxf3 Bxf3 Qe7+ Be3 Nxf3+ gxf3 d4 Qxd4 Rd8 Qc3 Qe6 Na3 Bxa3 bxa3 O-O O-O Qh3 Bc5 Nh5 Kh1 Nf4 Rg1 Rd3 Qxg7#
felipe69,1500,C,candylover,1099,E,401,black,resign,54,King's Pawn Game: Wayward Queen Attack |  Kiddie Countergambit,e4 e5 Qh5 Nf6 Qxe5+ Qe7 Nf3 Qxe5 Nxe5 Nc6 Nxc6 dxc6 Bd3 c5 Kd1 b5 Rhe1 c4 Bf1 Bb7 e5 Nd5 e6 fxe6 Rxe6+ Be7 Be2 O-O-O Nc3 Bf6 Bf3 Nxc3+ bxc3 Bxf3+ gxf3 Bxc3 Rb1 Kd7 Ra6 b4 dxc3 Kc8+ Bd2 bxc3 Rxa7 Rxd2+ Kc1 Rhd8 Ra8+ Kd7 Rb5 Rxa8 Rd5+ Rxd5
